No.,Image,Band, , , , ,
1,1-1.jpg,Boeing,,,,,
2,1-2.jpg,Boeing,,,,,
3,1-3.jpg,Boeing,,,,,
4,1-4.jpg,Boeing,,,,,
5,1-5.jpg,Boeing,,,,,
6,1-6.jpg,Boeing,,,,,
7,1-7.jpg,Boeing,,,,,
8,1-8.jpg,Boeing,,,,,
9,1-9.jpg,Boeing,,,,,
10,1-10.jpg,Boeing,,,,,
11,1-11.jpg,Boeing,,,,,
12,1-12.jpg,Boeing,,,,,
13,1-13.jpg,Boeing,,,,,
14,1-14.jpg,Boeing,,,,,
15,1-15.jpg,Boeing,,,,,
16,1-16.jpg,Boeing,,,,,
17,1-17.jpg,Boeing,,,,,
18,1-18.jpg,Boeing,,,,,
19,1-19.jpg,Boeing,,,,,
20,1-20.jpg,Boeing,,,,,
21,1-21.jpg,Boeing,,,,,
22,1-22.jpg,Boeing,,,,,
23,1-23.jpg,Boeing,,,,,
24,1-24.jpg,Boeing,,,,,
25,1-25.jpg,Boeing,,,,,
26,1-26.jpg,Boeing,,,,,
27,1-27.jpg,Boeing,,,,,
28,1-28.jpg,Boeing,,,,,
29,1-29.jpg,Boeing,,,,,
30,1-30.jpg,Boeing,,,,,
31,1-31.jpg,Boeing,,,,,
32,1-32.jpg,Boeing,,,,,
33,1-33.jpg,Boeing,,,,,
34,1-34.jpg,Boeing,,,,,
35,1-35.jpg,Boeing,,,,,
36,1-36.jpg,Boeing,,,,,
37,1-37.jpg,Boeing,,,,,
38,1-38.jpg,Boeing,,,,,
39,1-39.jpg,Boeing,,,,,
40,1-40.jpg,Boeing,,,,,
41,1-41.jpg,Boeing,,,,,
42,1-42.jpg,Boeing,,,,,
43,1-43.jpg,Boeing,,,,,
44,1-44.jpg,Boeing,,,,,
45,1-45.jpg,Boeing,,,,,
46,1-46.jpg,Boeing,,,,,
47,1-47.jpg,Boeing,,,,,
48,1-48.jpg,Boeing,,,,,
49,1-49.jpg,Boeing,,,,,
50,1-50.jpg,Boeing,,,,,
51,1-51.jpg,Boeing,,,,,
52,1-52.jpg,Boeing,,,,,
53,1-53.jpg,Boeing,,,,,
54,1-54.jpg,Boeing,,,,,
55,1-55.jpg,Boeing,,,,,
56,1-56.jpg,Boeing,,,,,
57,1-57.jpg,Boeing,,,,,
58,1-58.jpg,Boeing,,,,,
59,1-59.jpg,Boeing,,,,,
60,1-60.jpg,Boeing,,,,,
61,1-61.jpg,Boeing,,,,,
62,1-62.jpg,Boeing,,,,,
63,1-63.jpg,Boeing,,,,,
64,1-64.jpg,Boeing,,,,,
65,1-65.jpg,Boeing,,,,,
66,1-66.jpg,Boeing,,,,,
67,1-67.jpg,Boeing,,,,,
68,1-68.jpg,Boeing,,,,,
69,1-69.jpg,Boeing,,,,,
70,1-70.jpg,Boeing,,,,,
71,1-71.jpg,Boeing,,,,,
72,1-72.jpg,Boeing,,,,,
73,1-73.jpg,Boeing,,,,,
74,1-74.jpg,Boeing,,,,,
75,1-75.jpg,Boeing,,,,,
76,1-76.jpg,Boeing,,,,,
77,1-77.jpg,Boeing,,,,,
78,1-78.jpg,Boeing,,,,,
79,1-79.jpg,Boeing,,,,,
80,1-80.jpg,Boeing,,,,,
81,1-81.jpg,Boeing,,,,,
82,1-82.jpg,Boeing,,,,,
83,1-83.jpg,Boeing,,,,,
84,1-84.jpg,Boeing,,,,,
85,1-85.jpg,Boeing,,,,,
86,1-86.jpg,Boeing,,,,,
87,1-87.jpg,Boeing,,,,,
88,1-88.jpg,Boeing,,,,,
89,1-89.jpg,Boeing,,,,,
90,1-90.jpg,Boeing,,,,,
91,1-91.jpg,Boeing,,,,,
92,1-92.jpg,Boeing,,,,,
93,1-93.jpg,Boeing,,,,,
94,1-94.jpg,Boeing,,,,,
95,1-95.jpg,Boeing,,,,,
96,1-96.jpg,Boeing,,,,,
97,1-97.jpg,Boeing,,,,,
98,1-98.jpg,Boeing,,,,,
99,1-99.jpg,Boeing,,,,,
100,1-100.jpg,Boeing,,,,,
101,1-101.jpg,Boeing,,,,,
102,1-102.jpg,Boeing,,,,,
103,1-103.jpg,Boeing,,,,,
104,1-104.jpg,Boeing,,,,,
105,1-105.jpg,Boeing,,,,,
106,1-106.jpg,Boeing,,,,,
107,1-107.jpg,Boeing,,,,,
108,1-108.jpg,Boeing,,,,,
109,1-109.jpg,Boeing,,,,,
110,1-110.jpg,Boeing,,,,,
111,1-111.jpg,Boeing,,,,,
112,1-112.jpg,Boeing,,,,,
113,1-113.jpg,Boeing,,,,,
114,1-114.jpg,Boeing,,,,,
115,1-115.jpg,Boeing,,,,,
116,1-116.jpg,Boeing,,,,,
117,1-117.jpg,Boeing,,,,,
118,1-118.jpg,Boeing,,,,,
119,1-119.jpg,Boeing,,,,,
120,1-120.jpg,Boeing,,,,,
121,1-121.jpg,Boeing,,,,,
122,1-122.jpg,Boeing,,,,,
123,1-123.jpg,Boeing,,,,,
124,1-124.jpg,Boeing,,,,,
125,1-125.jpg,Boeing,,,,,
126,1-126.jpg,Boeing,,,,,
127,1-127.jpg,Boeing,,,,,
128,1-128.jpg,Boeing,,,,,
129,1-129.jpg,Boeing,,,,,
130,1-130.jpg,Boeing,,,,,
131,1-131.jpg,Boeing,,,,,
132,1-132.jpg,Boeing,,,,,
133,1-133.jpg,Boeing,,,,,
134,1-134.jpg,Boeing,,,,,
135,1-135.jpg,Boeing,,,,,
136,1-136.jpg,Boeing,,,,,
137,1-137.jpg,Boeing,,,,,
138,1-138.jpg,Boeing,,,,,
139,1-139.jpg,Boeing,,,,,
140,1-140.jpg,Boeing,,,,,
141,1-141.jpg,Boeing,,,,,
142,1-142.jpg,Boeing,,,,,
143,1-143.jpg,Boeing,,,,,
144,1-144.jpg,Boeing,,,,,
145,1-145.jpg,Boeing,,,,,
146,1-146.jpg,Boeing,,,,,
147,1-147.jpg,Boeing,,,,,
148,1-148.jpg,Boeing,,,,,
149,1-149.jpg,Boeing,,,,,
150,1-150.jpg,Boeing,,,,,
151,1-151.jpg,Boeing,,,,,
152,1-152.jpg,Boeing,,,,,
153,1-153.jpg,Boeing,,,,,
154,1-154.jpg,Boeing,,,,,
155,1-155.jpg,Boeing,,,,,
156,1-156.jpg,Boeing,,,,,
157,1-157.jpg,Boeing,,,,,
158,1-158.jpg,Boeing,,,,,
159,1-159.jpg,Boeing,,,,,
160,1-160.jpg,Boeing,,,,,
161,1-161.jpg,Boeing,,,,,
162,1-162.jpg,Boeing,,,,,
163,1-163.jpg,Boeing,,,,,
164,1-164.jpg,Boeing,,,,,
165,1-165.jpg,Boeing,,,,,
166,1-166.jpg,Boeing,,,,,
167,1-167.jpg,Boeing,,,,,
168,1-168.jpg,Boeing,,,,,
169,1-169.jpg,Boeing,,,,,
170,1-170.jpg,Boeing,,,,,
171,1-171.jpg,Boeing,,,,,
172,1-172.jpg,Boeing,,,,,
173,1-173.jpg,Boeing,,,,,
174,1-174.jpg,Boeing,,,,,
175,1-175.jpg,Boeing,,,,,
176,1-176.jpg,Boeing,,,,,
177,1-177.jpg,Boeing,,,,,
178,1-178.jpg,Boeing,,,,,
179,1-179.jpg,Boeing,,,,,
180,1-180.jpg,Boeing,,,,,
181,1-181.jpg,Boeing,,,,,
182,1-182.jpg,Boeing,,,,,
183,1-183.jpg,Boeing,,,,,
184,1-184.jpg,Boeing,,,,,
185,1-185.jpg,Boeing,,,,,
186,1-186.jpg,Boeing,,,,,
187,1-187.jpg,Boeing,,,,,
188,1-188.jpg,Boeing,,,,,
189,1-189.jpg,Boeing,,,,,
190,1-190.jpg,Boeing,,,,,
191,1-191.jpg,Boeing,,,,,
192,1-192.jpg,Boeing,,,,,
193,1-193.jpg,Boeing,,,,,
194,1-194.jpg,Boeing,,,,,
195,1-195.jpg,Boeing,,,,,
196,1-196.jpg,Boeing,,,,,
197,1-197.jpg,Boeing,,,,,
198,1-198.jpg,Boeing,,,,,
199,1-199.jpg,Boeing,,,,,
200,1-200.jpg,Boeing,,,,,
201,2-1.jpg,B-1,,,,,
202,2-2.jpg,B-1,,,,,
203,2-3.jpg,B-1,,,,,
204,2-4.jpg,B-1,,,,,
205,2-5.jpg,B-1,,,,,
206,2-6.jpg,B-1,,,,,
207,2-7.jpg,B-1,,,,,
208,2-8.jpg,B-1,,,,,
209,2-9.jpg,B-1,,,,,
210,2-10.jpg,B-1,,,,,
211,2-11.jpg,B-1,,,,,
212,2-12.jpg,B-1,,,,,
213,2-13.jpg,B-1,,,,,
214,2-14.jpg,B-1,,,,,
215,2-15.jpg,B-1,,,,,
216,2-16.jpg,B-1,,,,,
217,2-17.jpg,B-1,,,,,
218,2-18.jpg,B-1,,,,,
219,2-19.jpg,B-1,,,,,
220,2-20.jpg,B-1,,,,,
221,2-21.jpg,B-1,,,,,
222,2-22.jpg,B-1,,,,,
223,2-23.jpg,B-1,,,,,
224,2-24.jpg,B-1,,,,,
225,2-25.jpg,B-1,,,,,
226,2-26.jpg,B-1,,,,,
227,2-27.jpg,B-1,,,,,
228,2-28.jpg,B-1,,,,,
229,2-29.jpg,B-1,,,,,
230,2-30.jpg,B-1,,,,,
231,2-31.jpg,B-1,,,,,
232,2-32.jpg,B-1,,,,,
233,2-33.jpg,B-1,,,,,
234,2-34.jpg,B-1,,,,,
235,2-35.jpg,B-1,,,,,
236,2-36.jpg,B-1,,,,,
237,2-37.jpg,B-1,,,,,
238,2-38.jpg,B-1,,,,,
239,2-39.jpg,B-1,,,,,
240,2-40.jpg,B-1,,,,,
241,2-41.jpg,B-1,,,,,
242,2-42.jpg,B-1,,,,,
243,2-43.jpg,B-1,,,,,
244,2-44.jpg,B-1,,,,,
245,2-45.jpg,B-1,,,,,
246,2-46.jpg,B-1,,,,,
247,2-47.jpg,B-1,,,,,
248,2-48.jpg,B-1,,,,,
249,2-49.jpg,B-1,,,,,
250,2-50.jpg,B-1,,,,,
251,2-51.jpg,B-1,,,,,
252,2-52.jpg,B-1,,,,,
253,2-53.jpg,B-1,,,,,
254,2-54.jpg,B-1,,,,,
255,2-55.jpg,B-1,,,,,
256,2-56.jpg,B-1,,,,,
257,2-57.jpg,B-1,,,,,
258,2-58.jpg,B-1,,,,,
259,2-59.jpg,B-1,,,,,
260,2-60.jpg,B-1,,,,,
261,2-61.jpg,B-1,,,,,
262,2-62.jpg,B-1,,,,,
263,2-63.jpg,B-1,,,,,
264,2-64.jpg,B-1,,,,,
265,2-65.jpg,B-1,,,,,
266,2-66.jpg,B-1,,,,,
267,2-67.jpg,B-1,,,,,
268,2-68.jpg,B-1,,,,,
269,2-69.jpg,B-1,,,,,
270,2-70.jpg,B-1,,,,,
271,2-71.jpg,B-1,,,,,
272,2-72.jpg,B-1,,,,,
273,2-73.jpg,B-1,,,,,
274,2-74.jpg,B-1,,,,,
275,2-75.jpg,B-1,,,,,
276,2-76.jpg,B-1,,,,,
277,2-77.jpg,B-1,,,,,
278,2-78.jpg,B-1,,,,,
279,2-79.jpg,B-1,,,,,
280,2-80.jpg,B-1,,,,,
281,2-81.jpg,B-1,,,,,
282,2-82.jpg,B-1,,,,,
283,2-83.jpg,B-1,,,,,
284,2-84.jpg,B-1,,,,,
285,2-85.jpg,B-1,,,,,
286,2-86.jpg,B-1,,,,,
287,2-87.jpg,B-1,,,,,
288,2-88.jpg,B-1,,,,,
289,2-89.jpg,B-1,,,,,
290,2-90.jpg,B-1,,,,,
291,2-91.jpg,B-1,,,,,
292,2-92.jpg,B-1,,,,,
293,2-93.jpg,B-1,,,,,
294,2-94.jpg,B-1,,,,,
295,2-95.jpg,B-1,,,,,
296,2-96.jpg,B-1,,,,,
297,2-97.jpg,B-1,,,,,
298,2-98.jpg,B-1,,,,,
299,2-99.jpg,B-1,,,,,
300,2-100.jpg,B-1,,,,,
301,2-101.jpg,B-1,,,,,
302,2-102.jpg,B-1,,,,,
303,2-103.jpg,B-1,,,,,
304,2-104.jpg,B-1,,,,,
305,2-105.jpg,B-1,,,,,
306,2-106.jpg,B-1,,,,,
307,2-107.jpg,B-1,,,,,
308,2-108.jpg,B-1,,,,,
309,2-109.jpg,B-1,,,,,
310,2-110.jpg,B-1,,,,,
311,2-111.jpg,B-1,,,,,
312,2-112.jpg,B-1,,,,,
313,2-113.jpg,B-1,,,,,
314,2-114.jpg,B-1,,,,,
315,2-115.jpg,B-1,,,,,
316,2-116.jpg,B-1,,,,,
317,2-117.jpg,B-1,,,,,
318,2-118.jpg,B-1,,,,,
319,2-119.jpg,B-1,,,,,
320,2-120.jpg,B-1,,,,,
321,2-121.jpg,B-1,,,,,
322,2-122.jpg,B-1,,,,,
323,2-123.jpg,B-1,,,,,
324,2-124.jpg,B-1,,,,,
325,2-125.jpg,B-1,,,,,
326,2-126.jpg,B-1,,,,,
327,2-127.jpg,B-1,,,,,
328,2-128.jpg,B-1,,,,,
329,2-129.jpg,B-1,,,,,
330,2-130.jpg,B-1,,,,,
331,2-131.jpg,B-1,,,,,
332,2-132.jpg,B-1,,,,,
333,2-133.jpg,B-1,,,,,
334,2-134.jpg,B-1,,,,,
335,2-135.jpg,B-1,,,,,
336,2-136.jpg,B-1,,,,,
337,2-137.jpg,B-1,,,,,
338,2-138.jpg,B-1,,,,,
339,2-139.jpg,B-1,,,,,
340,2-140.jpg,B-1,,,,,
341,2-141.jpg,B-1,,,,,
342,2-142.jpg,B-1,,,,,
343,2-143.jpg,B-1,,,,,
344,2-144.jpg,B-1,,,,,
345,2-145.jpg,B-1,,,,,
346,2-146.jpg,B-1,,,,,
347,2-147.jpg,B-1,,,,,
348,2-148.jpg,B-1,,,,,
349,2-149.jpg,B-1,,,,,
350,2-150.jpg,B-1,,,,,
351,2-151.jpg,B-1,,,,,
352,2-152.jpg,B-1,,,,,
353,2-153.jpg,B-1,,,,,
354,2-154.jpg,B-1,,,,,
355,2-155.jpg,B-1,,,,,
356,2-156.jpg,B-1,,,,,
357,2-157.jpg,B-1,,,,,
358,2-158.jpg,B-1,,,,,
359,2-159.jpg,B-1,,,,,
360,2-160.jpg,B-1,,,,,
361,2-161.jpg,B-1,,,,,
362,2-162.jpg,B-1,,,,,
363,2-163.jpg,B-1,,,,,
364,2-164.jpg,B-1,,,,,
365,2-165.jpg,B-1,,,,,
366,2-166.jpg,B-1,,,,,
367,2-167.jpg,B-1,,,,,
368,2-168.jpg,B-1,,,,,
369,2-169.jpg,B-1,,,,,
370,2-170.jpg,B-1,,,,,
371,2-171.jpg,B-1,,,,,
372,2-172.jpg,B-1,,,,,
373,2-173.jpg,B-1,,,,,
374,2-174.jpg,B-1,,,,,
375,2-175.jpg,B-1,,,,,
376,2-176.jpg,B-1,,,,,
377,2-177.jpg,B-1,,,,,
378,2-178.jpg,B-1,,,,,
379,2-179.jpg,B-1,,,,,
380,2-180.jpg,B-1,,,,,
381,2-181.jpg,B-1,,,,,
382,2-182.jpg,B-1,,,,,
383,2-183.jpg,B-1,,,,,
384,2-184.jpg,B-1,,,,,
385,2-185.jpg,B-1,,,,,
386,2-186.jpg,B-1,,,,,
387,2-187.jpg,B-1,,,,,
388,2-188.jpg,B-1,,,,,
389,2-189.jpg,B-1,,,,,
390,2-190.jpg,B-1,,,,,
391,2-191.jpg,B-1,,,,,
392,2-192.jpg,B-1,,,,,
393,2-193.jpg,B-1,,,,,
394,2-194.jpg,B-1,,,,,
395,2-195.jpg,B-1,,,,,
396,2-196.jpg,B-1,,,,,
397,2-197.jpg,B-1,,,,,
398,2-198.jpg,B-1,,,,,
399,2-199.jpg,B-1,,,,,
400,2-200.jpg,B-1,,,,,
401,3-1.jpg,B-2,,,,,
402,3-2.jpg,B-2,,,,,
403,3-3.jpg,B-2,,,,,
404,3-4.jpg,B-2,,,,,
405,3-5.jpg,B-2,,,,,
406,3-6.jpg,B-2,,,,,
407,3-7.jpg,B-2,,,,,
408,3-8.jpg,B-2,,,,,
409,3-9.jpg,B-2,,,,,
410,3-10.jpg,B-2,,,,,
411,3-11.jpg,B-2,,,,,
412,3-12.jpg,B-2,,,,,
413,3-13.jpg,B-2,,,,,
414,3-14.jpg,B-2,,,,,
415,3-15.jpg,B-2,,,,,
416,3-16.jpg,B-2,,,,,
417,3-17.jpg,B-2,,,,,
418,3-18.jpg,B-2,,,,,
419,3-19.jpg,B-2,,,,,
420,3-20.jpg,B-2,,,,,
421,3-21.jpg,B-2,,,,,
422,3-22.jpg,B-2,,,,,
423,3-23.jpg,B-2,,,,,
424,3-24.jpg,B-2,,,,,
425,3-25.jpg,B-2,,,,,
426,3-26.jpg,B-2,,,,,
427,3-27.jpg,B-2,,,,,
428,3-28.jpg,B-2,,,,,
429,3-29.jpg,B-2,,,,,
430,3-30.jpg,B-2,,,,,
431,3-31.jpg,B-2,,,,,
432,3-32.jpg,B-2,,,,,
433,3-33.jpg,B-2,,,,,
434,3-34.jpg,B-2,,,,,
435,3-35.jpg,B-2,,,,,
436,3-36.jpg,B-2,,,,,
437,3-37.jpg,B-2,,,,,
438,3-38.jpg,B-2,,,,,
439,3-39.jpg,B-2,,,,,
440,3-40.jpg,B-2,,,,,
441,3-41.jpg,B-2,,,,,
442,3-42.jpg,B-2,,,,,
443,3-43.jpg,B-2,,,,,
444,3-44.jpg,B-2,,,,,
445,3-45.jpg,B-2,,,,,
446,3-46.jpg,B-2,,,,,
447,3-47.jpg,B-2,,,,,
448,3-48.jpg,B-2,,,,,
449,3-49.jpg,B-2,,,,,
450,3-50.jpg,B-2,,,,,
451,3-51.jpg,B-2,,,,,
452,3-52.jpg,B-2,,,,,
453,3-53.jpg,B-2,,,,,
454,3-54.jpg,B-2,,,,,
455,3-55.jpg,B-2,,,,,
456,3-56.jpg,B-2,,,,,
457,3-57.jpg,B-2,,,,,
458,3-58.jpg,B-2,,,,,
459,3-59.jpg,B-2,,,,,
460,3-60.jpg,B-2,,,,,
461,3-61.jpg,B-2,,,,,
462,3-62.jpg,B-2,,,,,
463,3-63.jpg,B-2,,,,,
464,3-64.jpg,B-2,,,,,
465,3-65.jpg,B-2,,,,,
466,3-66.jpg,B-2,,,,,
467,3-67.jpg,B-2,,,,,
468,3-68.jpg,B-2,,,,,
469,3-69.jpg,B-2,,,,,
470,3-70.jpg,B-2,,,,,
471,3-71.jpg,B-2,,,,,
472,3-72.jpg,B-2,,,,,
473,3-73.jpg,B-2,,,,,
474,3-74.jpg,B-2,,,,,
475,3-75.jpg,B-2,,,,,
476,3-76.jpg,B-2,,,,,
477,3-77.jpg,B-2,,,,,
478,3-78.jpg,B-2,,,,,
479,3-79.jpg,B-2,,,,,
480,3-80.jpg,B-2,,,,,
481,3-81.jpg,B-2,,,,,
482,3-82.jpg,B-2,,,,,
483,3-83.jpg,B-2,,,,,
484,3-84.jpg,B-2,,,,,
485,3-85.jpg,B-2,,,,,
486,3-86.jpg,B-2,,,,,
487,3-87.jpg,B-2,,,,,
488,3-88.jpg,B-2,,,,,
489,3-89.jpg,B-2,,,,,
490,3-90.jpg,B-2,,,,,
491,3-91.jpg,B-2,,,,,
492,3-92.jpg,B-2,,,,,
493,3-93.jpg,B-2,,,,,
494,3-94.jpg,B-2,,,,,
495,3-95.jpg,B-2,,,,,
496,3-96.jpg,B-2,,,,,
497,3-97.jpg,B-2,,,,,
498,3-98.jpg,B-2,,,,,
499,3-99.jpg,B-2,,,,,
500,3-100.jpg,B-2,,,,,
501,3-101.jpg,B-2,,,,,
502,3-102.jpg,B-2,,,,,
503,3-103.jpg,B-2,,,,,
504,3-104.jpg,B-2,,,,,
505,3-105.jpg,B-2,,,,,
506,3-106.jpg,B-2,,,,,
507,3-107.jpg,B-2,,,,,
508,3-108.jpg,B-2,,,,,
509,3-109.jpg,B-2,,,,,
510,3-110.jpg,B-2,,,,,
511,3-111.jpg,B-2,,,,,
512,3-112.jpg,B-2,,,,,
513,3-113.jpg,B-2,,,,,
514,3-114.jpg,B-2,,,,,
515,3-115.jpg,B-2,,,,,
516,3-116.jpg,B-2,,,,,
517,3-117.jpg,B-2,,,,,
518,3-118.jpg,B-2,,,,,
519,3-119.jpg,B-2,,,,,
520,3-120.jpg,B-2,,,,,
521,3-121.jpg,B-2,,,,,
522,3-122.jpg,B-2,,,,,
523,3-123.jpg,B-2,,,,,
524,3-124.jpg,B-2,,,,,
525,3-125.jpg,B-2,,,,,
526,3-126.jpg,B-2,,,,,
527,3-127.jpg,B-2,,,,,
528,3-128.jpg,B-2,,,,,
529,3-129.jpg,B-2,,,,,
530,3-130.jpg,B-2,,,,,
531,3-131.jpg,B-2,,,,,
532,3-132.jpg,B-2,,,,,
533,3-133.jpg,B-2,,,,,
534,3-134.jpg,B-2,,,,,
535,3-135.jpg,B-2,,,,,
536,3-136.jpg,B-2,,,,,
537,3-137.jpg,B-2,,,,,
538,3-138.jpg,B-2,,,,,
539,3-139.jpg,B-2,,,,,
540,3-140.jpg,B-2,,,,,
541,3-141.jpg,B-2,,,,,
542,3-142.jpg,B-2,,,,,
543,3-143.jpg,B-2,,,,,
544,3-144.jpg,B-2,,,,,
545,3-145.jpg,B-2,,,,,
546,3-146.jpg,B-2,,,,,
547,3-147.jpg,B-2,,,,,
548,3-148.jpg,B-2,,,,,
549,3-149.jpg,B-2,,,,,
550,3-150.jpg,B-2,,,,,
551,3-151.jpg,B-2,,,,,
552,3-152.jpg,B-2,,,,,
553,3-153.jpg,B-2,,,,,
554,3-154.jpg,B-2,,,,,
555,3-155.jpg,B-2,,,,,
556,3-156.jpg,B-2,,,,,
557,3-157.jpg,B-2,,,,,
558,3-158.jpg,B-2,,,,,
559,3-159.jpg,B-2,,,,,
560,3-160.jpg,B-2,,,,,
561,3-161.jpg,B-2,,,,,
562,3-162.jpg,B-2,,,,,
563,3-163.jpg,B-2,,,,,
564,3-164.jpg,B-2,,,,,
565,3-165.jpg,B-2,,,,,
566,3-166.jpg,B-2,,,,,
567,3-167.jpg,B-2,,,,,
568,3-168.jpg,B-2,,,,,
569,3-169.jpg,B-2,,,,,
570,3-170.jpg,B-2,,,,,
571,3-171.jpg,B-2,,,,,
572,3-172.jpg,B-2,,,,,
573,3-173.jpg,B-2,,,,,
574,3-174.jpg,B-2,,,,,
575,3-175.jpg,B-2,,,,,
576,3-176.jpg,B-2,,,,,
577,3-177.jpg,B-2,,,,,
578,3-178.jpg,B-2,,,,,
579,3-179.jpg,B-2,,,,,
580,3-180.jpg,B-2,,,,,
581,3-181.jpg,B-2,,,,,
582,3-182.jpg,B-2,,,,,
583,3-183.jpg,B-2,,,,,
584,3-184.jpg,B-2,,,,,
585,3-185.jpg,B-2,,,,,
586,3-186.jpg,B-2,,,,,
587,3-187.jpg,B-2,,,,,
588,3-188.jpg,B-2,,,,,
589,3-189.jpg,B-2,,,,,
590,3-190.jpg,B-2,,,,,
591,3-191.jpg,B-2,,,,,
592,3-192.jpg,B-2,,,,,
593,3-193.jpg,B-2,,,,,
594,3-194.jpg,B-2,,,,,
595,3-195.jpg,B-2,,,,,
596,3-196.jpg,B-2,,,,,
597,3-197.jpg,B-2,,,,,
598,3-198.jpg,B-2,,,,,
599,3-199.jpg,B-2,,,,,
600,3-200.jpg,B-2,,,,,
601,4-1.jpg,B-52,,,,,
602,4-2.jpg,B-52,,,,,
603,4-3.jpg,B-52,,,,,
604,4-4.jpg,B-52,,,,,
605,4-5.jpg,B-52,,,,,
606,4-6.jpg,B-52,,,,,
607,4-7.jpg,B-52,,,,,
608,4-8.jpg,B-52,,,,,
609,4-9.jpg,B-52,,,,,
610,4-10.jpg,B-52,,,,,
611,4-11.jpg,B-52,,,,,
612,4-12.jpg,B-52,,,,,
613,4-13.jpg,B-52,,,,,
614,4-14.jpg,B-52,,,,,
615,4-15.jpg,B-52,,,,,
616,4-16.jpg,B-52,,,,,
617,4-17.jpg,B-52,,,,,
618,4-18.jpg,B-52,,,,,
619,4-19.jpg,B-52,,,,,
620,4-20.jpg,B-52,,,,,
621,4-21.jpg,B-52,,,,,
622,4-22.jpg,B-52,,,,,
623,4-23.jpg,B-52,,,,,
624,4-24.jpg,B-52,,,,,
625,4-25.jpg,B-52,,,,,
626,4-26.jpg,B-52,,,,,
627,4-27.jpg,B-52,,,,,
628,4-28.jpg,B-52,,,,,
629,4-29.jpg,B-52,,,,,
630,4-30.jpg,B-52,,,,,
631,4-31.jpg,B-52,,,,,
632,4-32.jpg,B-52,,,,,
633,4-33.jpg,B-52,,,,,
634,4-34.jpg,B-52,,,,,
635,4-35.jpg,B-52,,,,,
636,4-36.jpg,B-52,,,,,
637,4-37.jpg,B-52,,,,,
638,4-38.jpg,B-52,,,,,
639,4-39.jpg,B-52,,,,,
640,4-40.jpg,B-52,,,,,
641,4-41.jpg,B-52,,,,,
642,4-42.jpg,B-52,,,,,
643,4-43.jpg,B-52,,,,,
644,4-44.jpg,B-52,,,,,
645,4-45.jpg,B-52,,,,,
646,4-46.jpg,B-52,,,,,
647,4-47.jpg,B-52,,,,,
648,4-48.jpg,B-52,,,,,
649,4-49.jpg,B-52,,,,,
650,4-50.jpg,B-52,,,,,
651,4-51.jpg,B-52,,,,,
652,4-52.jpg,B-52,,,,,
653,4-53.jpg,B-52,,,,,
654,4-54.jpg,B-52,,,,,
655,4-55.jpg,B-52,,,,,
656,4-56.jpg,B-52,,,,,
657,4-57.jpg,B-52,,,,,
658,4-58.jpg,B-52,,,,,
659,4-59.jpg,B-52,,,,,
660,4-60.jpg,B-52,,,,,
661,4-61.jpg,B-52,,,,,
662,4-62.jpg,B-52,,,,,
663,4-63.jpg,B-52,,,,,
664,4-64.jpg,B-52,,,,,
665,4-65.jpg,B-52,,,,,
666,4-66.jpg,B-52,,,,,
667,4-67.jpg,B-52,,,,,
668,4-68.jpg,B-52,,,,,
669,4-69.jpg,B-52,,,,,
670,4-70.jpg,B-52,,,,,
671,4-71.jpg,B-52,,,,,
672,4-72.jpg,B-52,,,,,
673,4-73.jpg,B-52,,,,,
674,4-74.jpg,B-52,,,,,
675,4-75.jpg,B-52,,,,,
676,4-76.jpg,B-52,,,,,
677,4-77.jpg,B-52,,,,,
678,4-78.jpg,B-52,,,,,
679,4-79.jpg,B-52,,,,,
680,4-80.jpg,B-52,,,,,
681,4-81.jpg,B-52,,,,,
682,4-82.jpg,B-52,,,,,
683,4-83.jpg,B-52,,,,,
684,4-84.jpg,B-52,,,,,
685,4-85.jpg,B-52,,,,,
686,4-86.jpg,B-52,,,,,
687,4-87.jpg,B-52,,,,,
688,4-88.jpg,B-52,,,,,
689,4-89.jpg,B-52,,,,,
690,4-90.jpg,B-52,,,,,
691,4-91.jpg,B-52,,,,,
692,4-92.jpg,B-52,,,,,
693,4-93.jpg,B-52,,,,,
694,4-94.jpg,B-52,,,,,
695,4-95.jpg,B-52,,,,,
696,4-96.jpg,B-52,,,,,
697,4-97.jpg,B-52,,,,,
698,4-98.jpg,B-52,,,,,
699,4-99.jpg,B-52,,,,,
700,4-100.jpg,B-52,,,,,
701,4-101.jpg,B-52,,,,,
702,4-102.jpg,B-52,,,,,
703,4-103.jpg,B-52,,,,,
704,4-104.jpg,B-52,,,,,
705,4-105.jpg,B-52,,,,,
706,4-106.jpg,B-52,,,,,
707,4-107.jpg,B-52,,,,,
708,4-108.jpg,B-52,,,,,
709,4-109.jpg,B-52,,,,,
710,4-110.jpg,B-52,,,,,
711,4-111.jpg,B-52,,,,,
712,4-112.jpg,B-52,,,,,
713,4-113.jpg,B-52,,,,,
714,4-114.jpg,B-52,,,,,
715,4-115.jpg,B-52,,,,,
716,4-116.jpg,B-52,,,,,
717,4-117.jpg,B-52,,,,,
718,4-118.jpg,B-52,,,,,
719,4-119.jpg,B-52,,,,,
720,4-120.jpg,B-52,,,,,
721,4-121.jpg,B-52,,,,,
722,4-122.jpg,B-52,,,,,
723,4-123.jpg,B-52,,,,,
724,4-124.jpg,B-52,,,,,
725,4-125.jpg,B-52,,,,,
726,4-126.jpg,B-52,,,,,
727,4-127.jpg,B-52,,,,,
728,4-128.jpg,B-52,,,,,
729,4-129.jpg,B-52,,,,,
730,4-130.jpg,B-52,,,,,
731,4-131.jpg,B-52,,,,,
732,4-132.jpg,B-52,,,,,
733,4-133.jpg,B-52,,,,,
734,4-134.jpg,B-52,,,,,
735,4-135.jpg,B-52,,,,,
736,4-136.jpg,B-52,,,,,
737,4-137.jpg,B-52,,,,,
738,4-138.jpg,B-52,,,,,
739,4-139.jpg,B-52,,,,,
740,4-140.jpg,B-52,,,,,
741,4-141.jpg,B-52,,,,,
742,4-142.jpg,B-52,,,,,
743,4-143.jpg,B-52,,,,,
744,4-144.jpg,B-52,,,,,
745,4-145.jpg,B-52,,,,,
746,4-146.jpg,B-52,,,,,
747,4-147.jpg,B-52,,,,,
748,4-148.jpg,B-52,,,,,
749,4-149.jpg,B-52,,,,,
750,4-150.jpg,B-52,,,,,
751,4-151.jpg,B-52,,,,,
752,4-152.jpg,B-52,,,,,
753,4-153.jpg,B-52,,,,,
754,4-154.jpg,B-52,,,,,
755,4-155.jpg,B-52,,,,,
756,4-156.jpg,B-52,,,,,
757,4-157.jpg,B-52,,,,,
758,4-158.jpg,B-52,,,,,
759,4-159.jpg,B-52,,,,,
760,4-160.jpg,B-52,,,,,
761,4-161.jpg,B-52,,,,,
762,4-162.jpg,B-52,,,,,
763,4-163.jpg,B-52,,,,,
764,4-164.jpg,B-52,,,,,
765,4-165.jpg,B-52,,,,,
766,4-166.jpg,B-52,,,,,
767,4-167.jpg,B-52,,,,,
768,4-168.jpg,B-52,,,,,
769,4-169.jpg,B-52,,,,,
770,4-170.jpg,B-52,,,,,
771,4-171.jpg,B-52,,,,,
772,4-172.jpg,B-52,,,,,
773,4-173.jpg,B-52,,,,,
774,4-174.jpg,B-52,,,,,
775,4-175.jpg,B-52,,,,,
776,4-176.jpg,B-52,,,,,
777,4-177.jpg,B-52,,,,,
778,4-178.jpg,B-52,,,,,
779,4-179.jpg,B-52,,,,,
780,4-180.jpg,B-52,,,,,
781,4-181.jpg,B-52,,,,,
782,4-182.jpg,B-52,,,,,
783,4-183.jpg,B-52,,,,,
784,4-184.jpg,B-52,,,,,
785,4-185.jpg,B-52,,,,,
786,4-186.jpg,B-52,,,,,
787,4-187.jpg,B-52,,,,,
788,4-188.jpg,B-52,,,,,
789,4-189.jpg,B-52,,,,,
790,4-190.jpg,B-52,,,,,
791,4-191.jpg,B-52,,,,,
792,4-192.jpg,B-52,,,,,
793,4-193.jpg,B-52,,,,,
794,4-194.jpg,B-52,,,,,
795,4-195.jpg,B-52,,,,,
796,4-196.jpg,B-52,,,,,
797,4-197.jpg,B-52,,,,,
798,4-198.jpg,B-52,,,,,
799,4-199.jpg,B-52,,,,,
800,4-200.jpg,B-52,,,,,
801,5-1.jpg,C-130,,,,,
802,5-2.jpg,C-130,,,,,
803,5-3.jpg,C-130,,,,,
804,5-4.jpg,C-130,,,,,
805,5-5.jpg,C-130,,,,,
806,5-6.jpg,C-130,,,,,
807,5-7.jpg,C-130,,,,,
808,5-8.jpg,C-130,,,,,
809,5-9.jpg,C-130,,,,,
810,5-10.jpg,C-130,,,,,
811,5-11.jpg,C-130,,,,,
812,5-12.jpg,C-130,,,,,
813,5-13.jpg,C-130,,,,,
814,5-14.jpg,C-130,,,,,
815,5-15.jpg,C-130,,,,,
816,5-16.jpg,C-130,,,,,
817,5-17.jpg,C-130,,,,,
818,5-18.jpg,C-130,,,,,
819,5-19.jpg,C-130,,,,,
820,5-20.jpg,C-130,,,,,
821,5-21.jpg,C-130,,,,,
822,5-22.jpg,C-130,,,,,
823,5-23.jpg,C-130,,,,,
824,5-24.jpg,C-130,,,,,
825,5-25.jpg,C-130,,,,,
826,5-26.jpg,C-130,,,,,
827,5-27.jpg,C-130,,,,,
828,5-28.jpg,C-130,,,,,
829,5-29.jpg,C-130,,,,,
830,5-30.jpg,C-130,,,,,
831,5-31.jpg,C-130,,,,,
832,5-32.jpg,C-130,,,,,
833,5-33.jpg,C-130,,,,,
834,5-34.jpg,C-130,,,,,
835,5-35.jpg,C-130,,,,,
836,5-36.jpg,C-130,,,,,
837,5-37.jpg,C-130,,,,,
838,5-38.jpg,C-130,,,,,
839,5-39.jpg,C-130,,,,,
840,5-40.jpg,C-130,,,,,
841,5-41.jpg,C-130,,,,,
842,5-42.jpg,C-130,,,,,
843,5-43.jpg,C-130,,,,,
844,5-44.jpg,C-130,,,,,
845,5-45.jpg,C-130,,,,,
846,5-46.jpg,C-130,,,,,
847,5-47.jpg,C-130,,,,,
848,5-48.jpg,C-130,,,,,
849,5-49.jpg,C-130,,,,,
850,5-50.jpg,C-130,,,,,
851,5-51.jpg,C-130,,,,,
852,5-52.jpg,C-130,,,,,
853,5-53.jpg,C-130,,,,,
854,5-54.jpg,C-130,,,,,
855,5-55.jpg,C-130,,,,,
856,5-56.jpg,C-130,,,,,
857,5-57.jpg,C-130,,,,,
858,5-58.jpg,C-130,,,,,
859,5-59.jpg,C-130,,,,,
860,5-60.jpg,C-130,,,,,
861,5-61.jpg,C-130,,,,,
862,5-62.jpg,C-130,,,,,
863,5-63.jpg,C-130,,,,,
864,5-64.jpg,C-130,,,,,
865,5-65.jpg,C-130,,,,,
866,5-66.jpg,C-130,,,,,
867,5-67.jpg,C-130,,,,,
868,5-68.jpg,C-130,,,,,
869,5-69.jpg,C-130,,,,,
870,5-70.jpg,C-130,,,,,
871,5-71.jpg,C-130,,,,,
872,5-72.jpg,C-130,,,,,
873,5-73.jpg,C-130,,,,,
874,5-74.jpg,C-130,,,,,
875,5-75.jpg,C-130,,,,,
876,5-76.jpg,C-130,,,,,
877,5-77.jpg,C-130,,,,,
878,5-78.jpg,C-130,,,,,
879,5-79.jpg,C-130,,,,,
880,5-80.jpg,C-130,,,,,
881,5-81.jpg,C-130,,,,,
882,5-82.jpg,C-130,,,,,
883,5-83.jpg,C-130,,,,,
884,5-84.jpg,C-130,,,,,
885,5-85.jpg,C-130,,,,,
886,5-86.jpg,C-130,,,,,
887,5-87.jpg,C-130,,,,,
888,5-88.jpg,C-130,,,,,
889,5-89.jpg,C-130,,,,,
890,5-90.jpg,C-130,,,,,
891,5-91.jpg,C-130,,,,,
892,5-92.jpg,C-130,,,,,
893,5-93.jpg,C-130,,,,,
894,5-94.jpg,C-130,,,,,
895,5-95.jpg,C-130,,,,,
896,5-96.jpg,C-130,,,,,
897,5-97.jpg,C-130,,,,,
898,5-98.jpg,C-130,,,,,
899,5-99.jpg,C-130,,,,,
900,5-100.jpg,C-130,,,,,
901,5-101.jpg,C-130,,,,,
902,5-102.jpg,C-130,,,,,
903,5-103.jpg,C-130,,,,,
904,5-104.jpg,C-130,,,,,
905,5-105.jpg,C-130,,,,,
906,5-106.jpg,C-130,,,,,
907,5-107.jpg,C-130,,,,,
908,5-108.jpg,C-130,,,,,
909,5-109.jpg,C-130,,,,,
910,5-110.jpg,C-130,,,,,
911,5-111.jpg,C-130,,,,,
912,5-112.jpg,C-130,,,,,
913,5-113.jpg,C-130,,,,,
914,5-114.jpg,C-130,,,,,
915,5-115.jpg,C-130,,,,,
916,5-116.jpg,C-130,,,,,
917,5-117.jpg,C-130,,,,,
918,5-118.jpg,C-130,,,,,
919,5-119.jpg,C-130,,,,,
920,5-120.jpg,C-130,,,,,
921,5-121.jpg,C-130,,,,,
922,5-122.jpg,C-130,,,,,
923,5-123.jpg,C-130,,,,,
924,5-124.jpg,C-130,,,,,
925,5-125.jpg,C-130,,,,,
926,5-126.jpg,C-130,,,,,
927,5-127.jpg,C-130,,,,,
928,5-128.jpg,C-130,,,,,
929,5-129.jpg,C-130,,,,,
930,5-130.jpg,C-130,,,,,
931,5-131.jpg,C-130,,,,,
932,5-132.jpg,C-130,,,,,
933,5-133.jpg,C-130,,,,,
934,5-134.jpg,C-130,,,,,
935,5-135.jpg,C-130,,,,,
936,5-136.jpg,C-130,,,,,
937,5-137.jpg,C-130,,,,,
938,5-138.jpg,C-130,,,,,
939,5-139.jpg,C-130,,,,,
940,5-140.jpg,C-130,,,,,
941,5-141.jpg,C-130,,,,,
942,5-142.jpg,C-130,,,,,
943,5-143.jpg,C-130,,,,,
944,5-144.jpg,C-130,,,,,
945,5-145.jpg,C-130,,,,,
946,5-146.jpg,C-130,,,,,
947,5-147.jpg,C-130,,,,,
948,5-148.jpg,C-130,,,,,
949,5-149.jpg,C-130,,,,,
950,5-150.jpg,C-130,,,,,
951,5-151.jpg,C-130,,,,,
952,5-152.jpg,C-130,,,,,
953,5-153.jpg,C-130,,,,,
954,5-154.jpg,C-130,,,,,
955,5-155.jpg,C-130,,,,,
956,5-156.jpg,C-130,,,,,
957,5-157.jpg,C-130,,,,,
958,5-158.jpg,C-130,,,,,
959,5-159.jpg,C-130,,,,,
960,5-160.jpg,C-130,,,,,
961,5-161.jpg,C-130,,,,,
962,5-162.jpg,C-130,,,,,
963,5-163.jpg,C-130,,,,,
964,5-164.jpg,C-130,,,,,
965,5-165.jpg,C-130,,,,,
966,5-166.jpg,C-130,,,,,
967,5-167.jpg,C-130,,,,,
968,5-168.jpg,C-130,,,,,
969,5-169.jpg,C-130,,,,,
970,5-170.jpg,C-130,,,,,
971,5-171.jpg,C-130,,,,,
972,5-172.jpg,C-130,,,,,
973,5-173.jpg,C-130,,,,,
974,5-174.jpg,C-130,,,,,
975,5-175.jpg,C-130,,,,,
976,5-176.jpg,C-130,,,,,
977,5-177.jpg,C-130,,,,,
978,5-178.jpg,C-130,,,,,
979,5-179.jpg,C-130,,,,,
980,5-180.jpg,C-130,,,,,
981,5-181.jpg,C-130,,,,,
982,5-182.jpg,C-130,,,,,
983,5-183.jpg,C-130,,,,,
984,5-184.jpg,C-130,,,,,
985,5-185.jpg,C-130,,,,,
986,5-186.jpg,C-130,,,,,
987,5-187.jpg,C-130,,,,,
988,5-188.jpg,C-130,,,,,
989,5-189.jpg,C-130,,,,,
990,5-190.jpg,C-130,,,,,
991,5-191.jpg,C-130,,,,,
992,5-192.jpg,C-130,,,,,
993,5-193.jpg,C-130,,,,,
994,5-194.jpg,C-130,,,,,
995,5-195.jpg,C-130,,,,,
996,5-196.jpg,C-130,,,,,
997,5-197.jpg,C-130,,,,,
998,5-198.jpg,C-130,,,,,
999,5-199.jpg,C-130,,,,,
1000,5-200.jpg,C-130,,,,,
1001,6-1.jpg,KC-135,,,,,
1002,6-2.jpg,KC-135,,,,,
1003,6-3.jpg,KC-135,,,,,
1004,6-4.jpg,KC-135,,,,,
1005,6-5.jpg,KC-135,,,,,
1006,6-6.jpg,KC-135,,,,,
1007,6-7.jpg,KC-135,,,,,
1008,6-8.jpg,KC-135,,,,,
1009,6-9.jpg,KC-135,,,,,
1010,6-10.jpg,KC-135,,,,,
1011,6-11.jpg,KC-135,,,,,
1012,6-12.jpg,KC-135,,,,,
1013,6-13.jpg,KC-135,,,,,
1014,6-14.jpg,KC-135,,,,,
1015,6-15.jpg,KC-135,,,,,
1016,6-16.jpg,KC-135,,,,,
1017,6-17.jpg,KC-135,,,,,
1018,6-18.jpg,KC-135,,,,,
1019,6-19.jpg,KC-135,,,,,
1020,6-20.jpg,KC-135,,,,,
1021,6-21.jpg,KC-135,,,,,
1022,6-22.jpg,KC-135,,,,,
1023,6-23.jpg,KC-135,,,,,
1024,6-24.jpg,KC-135,,,,,
1025,6-25.jpg,KC-135,,,,,
1026,6-26.jpg,KC-135,,,,,
1027,6-27.jpg,KC-135,,,,,
1028,6-28.jpg,KC-135,,,,,
1029,6-29.jpg,KC-135,,,,,
1030,6-30.jpg,KC-135,,,,,
1031,6-31.jpg,KC-135,,,,,
1032,6-32.jpg,KC-135,,,,,
1033,6-33.jpg,KC-135,,,,,
1034,6-34.jpg,KC-135,,,,,
1035,6-35.jpg,KC-135,,,,,
1036,6-36.jpg,KC-135,,,,,
1037,6-37.jpg,KC-135,,,,,
1038,6-38.jpg,KC-135,,,,,
1039,6-39.jpg,KC-135,,,,,
1040,6-40.jpg,KC-135,,,,,
1041,6-41.jpg,KC-135,,,,,
1042,6-42.jpg,KC-135,,,,,
1043,6-43.jpg,KC-135,,,,,
1044,6-44.jpg,KC-135,,,,,
1045,6-45.jpg,KC-135,,,,,
1046,6-46.jpg,KC-135,,,,,
1047,6-47.jpg,KC-135,,,,,
1048,6-48.jpg,KC-135,,,,,
1049,6-49.jpg,KC-135,,,,,
1050,6-50.jpg,KC-135,,,,,
1051,6-51.jpg,KC-135,,,,,
1052,6-52.jpg,KC-135,,,,,
1053,6-53.jpg,KC-135,,,,,
1054,6-54.jpg,KC-135,,,,,
1055,6-55.jpg,KC-135,,,,,
1056,6-56.jpg,KC-135,,,,,
1057,6-57.jpg,KC-135,,,,,
1058,6-58.jpg,KC-135,,,,,
1059,6-59.jpg,KC-135,,,,,
1060,6-60.jpg,KC-135,,,,,
1061,6-61.jpg,KC-135,,,,,
1062,6-62.jpg,KC-135,,,,,
1063,6-63.jpg,KC-135,,,,,
1064,6-64.jpg,KC-135,,,,,
1065,6-65.jpg,KC-135,,,,,
1066,6-66.jpg,KC-135,,,,,
1067,6-67.jpg,KC-135,,,,,
1068,6-68.jpg,KC-135,,,,,
1069,6-69.jpg,KC-135,,,,,
1070,6-70.jpg,KC-135,,,,,
1071,6-71.jpg,KC-135,,,,,
1072,6-72.jpg,KC-135,,,,,
1073,6-73.jpg,KC-135,,,,,
1074,6-74.jpg,KC-135,,,,,
1075,6-75.jpg,KC-135,,,,,
1076,6-76.jpg,KC-135,,,,,
1077,6-77.jpg,KC-135,,,,,
1078,6-78.jpg,KC-135,,,,,
1079,6-79.jpg,KC-135,,,,,
1080,6-80.jpg,KC-135,,,,,
1081,6-81.jpg,KC-135,,,,,
1082,6-82.jpg,KC-135,,,,,
1083,6-83.jpg,KC-135,,,,,
1084,6-84.jpg,KC-135,,,,,
1085,6-85.jpg,KC-135,,,,,
1086,6-86.jpg,KC-135,,,,,
1087,6-87.jpg,KC-135,,,,,
1088,6-88.jpg,KC-135,,,,,
1089,6-89.jpg,KC-135,,,,,
1090,6-90.jpg,KC-135,,,,,
1091,6-91.jpg,KC-135,,,,,
1092,6-92.jpg,KC-135,,,,,
1093,6-93.jpg,KC-135,,,,,
1094,6-94.jpg,KC-135,,,,,
1095,6-95.jpg,KC-135,,,,,
1096,6-96.jpg,KC-135,,,,,
1097,6-97.jpg,KC-135,,,,,
1098,6-98.jpg,KC-135,,,,,
1099,6-99.jpg,KC-135,,,,,
1100,6-100.jpg,KC-135,,,,,
1101,6-101.jpg,KC-135,,,,,
1102,6-102.jpg,KC-135,,,,,
1103,6-103.jpg,KC-135,,,,,
1104,6-104.jpg,KC-135,,,,,
1105,6-105.jpg,KC-135,,,,,
1106,6-106.jpg,KC-135,,,,,
1107,6-107.jpg,KC-135,,,,,
1108,6-108.jpg,KC-135,,,,,
1109,6-109.jpg,KC-135,,,,,
1110,6-110.jpg,KC-135,,,,,
1111,6-111.jpg,KC-135,,,,,
1112,6-112.jpg,KC-135,,,,,
1113,6-113.jpg,KC-135,,,,,
1114,6-114.jpg,KC-135,,,,,
1115,6-115.jpg,KC-135,,,,,
1116,6-116.jpg,KC-135,,,,,
1117,6-117.jpg,KC-135,,,,,
1118,6-118.jpg,KC-135,,,,,
1119,6-119.jpg,KC-135,,,,,
1120,6-120.jpg,KC-135,,,,,
1121,6-121.jpg,KC-135,,,,,
1122,6-122.jpg,KC-135,,,,,
1123,6-123.jpg,KC-135,,,,,
1124,6-124.jpg,KC-135,,,,,
1125,6-125.jpg,KC-135,,,,,
1126,6-126.jpg,KC-135,,,,,
1127,6-127.jpg,KC-135,,,,,
1128,6-128.jpg,KC-135,,,,,
1129,6-129.jpg,KC-135,,,,,
1130,6-130.jpg,KC-135,,,,,
1131,6-131.jpg,KC-135,,,,,
1132,6-132.jpg,KC-135,,,,,
1133,6-133.jpg,KC-135,,,,,
1134,6-134.jpg,KC-135,,,,,
1135,6-135.jpg,KC-135,,,,,
1136,6-136.jpg,KC-135,,,,,
1137,6-137.jpg,KC-135,,,,,
1138,6-138.jpg,KC-135,,,,,
1139,6-139.jpg,KC-135,,,,,
1140,6-140.jpg,KC-135,,,,,
1141,6-141.jpg,KC-135,,,,,
1142,6-142.jpg,KC-135,,,,,
1143,6-143.jpg,KC-135,,,,,
1144,6-144.jpg,KC-135,,,,,
1145,6-145.jpg,KC-135,,,,,
1146,6-146.jpg,KC-135,,,,,
1147,6-147.jpg,KC-135,,,,,
1148,6-148.jpg,KC-135,,,,,
1149,6-149.jpg,KC-135,,,,,
1150,6-150.jpg,KC-135,,,,,
1151,6-151.jpg,KC-135,,,,,
1152,6-152.jpg,KC-135,,,,,
1153,6-153.jpg,KC-135,,,,,
1154,6-154.jpg,KC-135,,,,,
1155,6-155.jpg,KC-135,,,,,
1156,6-156.jpg,KC-135,,,,,
1157,6-157.jpg,KC-135,,,,,
1158,6-158.jpg,KC-135,,,,,
1159,6-159.jpg,KC-135,,,,,
1160,6-160.jpg,KC-135,,,,,
1161,6-161.jpg,KC-135,,,,,
1162,6-162.jpg,KC-135,,,,,
1163,6-163.jpg,KC-135,,,,,
1164,6-164.jpg,KC-135,,,,,
1165,6-165.jpg,KC-135,,,,,
1166,6-166.jpg,KC-135,,,,,
1167,6-167.jpg,KC-135,,,,,
1168,6-168.jpg,KC-135,,,,,
1169,6-169.jpg,KC-135,,,,,
1170,6-170.jpg,KC-135,,,,,
1171,6-171.jpg,KC-135,,,,,
1172,6-172.jpg,KC-135,,,,,
1173,6-173.jpg,KC-135,,,,,
1174,6-174.jpg,KC-135,,,,,
1175,6-175.jpg,KC-135,,,,,
1176,6-176.jpg,KC-135,,,,,
1177,6-177.jpg,KC-135,,,,,
1178,6-178.jpg,KC-135,,,,,
1179,6-179.jpg,KC-135,,,,,
1180,6-180.jpg,KC-135,,,,,
1181,6-181.jpg,KC-135,,,,,
1182,6-182.jpg,KC-135,,,,,
1183,6-183.jpg,KC-135,,,,,
1184,6-184.jpg,KC-135,,,,,
1185,6-185.jpg,KC-135,,,,,
1186,6-186.jpg,KC-135,,,,,
1187,6-187.jpg,KC-135,,,,,
1188,6-188.jpg,KC-135,,,,,
1189,6-189.jpg,KC-135,,,,,
1190,6-190.jpg,KC-135,,,,,
1191,6-191.jpg,KC-135,,,,,
1192,6-192.jpg,KC-135,,,,,
1193,6-193.jpg,KC-135,,,,,
1194,6-194.jpg,KC-135,,,,,
1195,6-195.jpg,KC-135,,,,,
1196,6-196.jpg,KC-135,,,,,
1197,6-197.jpg,KC-135,,,,,
1198,6-198.jpg,KC-135,,,,,
1199,6-199.jpg,KC-135,,,,,
1200,6-200.jpg,KC-135,,,,,
1201,7-1.jpg,C-17,,,,,
1202,7-2.jpg,C-17,,,,,
1203,7-3.jpg,C-17,,,,,
1204,7-4.jpg,C-17,,,,,
1205,7-5.jpg,C-17,,,,,
1206,7-6.jpg,C-17,,,,,
1207,7-7.jpg,C-17,,,,,
1208,7-8.jpg,C-17,,,,,
1209,7-9.jpg,C-17,,,,,
1210,7-10.jpg,C-17,,,,,
1211,7-11.jpg,C-17,,,,,
1212,7-12.jpg,C-17,,,,,
1213,7-13.jpg,C-17,,,,,
1214,7-14.jpg,C-17,,,,,
1215,7-15.jpg,C-17,,,,,
1216,7-16.jpg,C-17,,,,,
1217,7-17.jpg,C-17,,,,,
1218,7-18.jpg,C-17,,,,,
1219,7-19.jpg,C-17,,,,,
1220,7-20.jpg,C-17,,,,,
1221,7-21.jpg,C-17,,,,,
1222,7-22.jpg,C-17,,,,,
1223,7-23.jpg,C-17,,,,,
1224,7-24.jpg,C-17,,,,,
1225,7-25.jpg,C-17,,,,,
1226,7-26.jpg,C-17,,,,,
1227,7-27.jpg,C-17,,,,,
1228,7-28.jpg,C-17,,,,,
1229,7-29.jpg,C-17,,,,,
1230,7-30.jpg,C-17,,,,,
1231,7-31.jpg,C-17,,,,,
1232,7-32.jpg,C-17,,,,,
1233,7-33.jpg,C-17,,,,,
1234,7-34.jpg,C-17,,,,,
1235,7-35.jpg,C-17,,,,,
1236,7-36.jpg,C-17,,,,,
1237,7-37.jpg,C-17,,,,,
1238,7-38.jpg,C-17,,,,,
1239,7-39.jpg,C-17,,,,,
1240,7-40.jpg,C-17,,,,,
1241,7-41.jpg,C-17,,,,,
1242,7-42.jpg,C-17,,,,,
1243,7-43.jpg,C-17,,,,,
1244,7-44.jpg,C-17,,,,,
1245,7-45.jpg,C-17,,,,,
1246,7-46.jpg,C-17,,,,,
1247,7-47.jpg,C-17,,,,,
1248,7-48.jpg,C-17,,,,,
1249,7-49.jpg,C-17,,,,,
1250,7-50.jpg,C-17,,,,,
1251,7-51.jpg,C-17,,,,,
1252,7-52.jpg,C-17,,,,,
1253,7-53.jpg,C-17,,,,,
1254,7-54.jpg,C-17,,,,,
1255,7-55.jpg,C-17,,,,,
1256,7-56.jpg,C-17,,,,,
1257,7-57.jpg,C-17,,,,,
1258,7-58.jpg,C-17,,,,,
1259,7-59.jpg,C-17,,,,,
1260,7-60.jpg,C-17,,,,,
1261,7-61.jpg,C-17,,,,,
1262,7-62.jpg,C-17,,,,,
1263,7-63.jpg,C-17,,,,,
1264,7-64.jpg,C-17,,,,,
1265,7-65.jpg,C-17,,,,,
1266,7-66.jpg,C-17,,,,,
1267,7-67.jpg,C-17,,,,,
1268,7-68.jpg,C-17,,,,,
1269,7-69.jpg,C-17,,,,,
1270,7-70.jpg,C-17,,,,,
1271,7-71.jpg,C-17,,,,,
1272,7-72.jpg,C-17,,,,,
1273,7-73.jpg,C-17,,,,,
1274,7-74.jpg,C-17,,,,,
1275,7-75.jpg,C-17,,,,,
1276,7-76.jpg,C-17,,,,,
1277,7-77.jpg,C-17,,,,,
1278,7-78.jpg,C-17,,,,,
1279,7-79.jpg,C-17,,,,,
1280,7-80.jpg,C-17,,,,,
1281,7-81.jpg,C-17,,,,,
1282,7-82.jpg,C-17,,,,,
1283,7-83.jpg,C-17,,,,,
1284,7-84.jpg,C-17,,,,,
1285,7-85.jpg,C-17,,,,,
1286,7-86.jpg,C-17,,,,,
1287,7-87.jpg,C-17,,,,,
1288,7-88.jpg,C-17,,,,,
1289,7-89.jpg,C-17,,,,,
1290,7-90.jpg,C-17,,,,,
1291,7-91.jpg,C-17,,,,,
1292,7-92.jpg,C-17,,,,,
1293,7-93.jpg,C-17,,,,,
1294,7-94.jpg,C-17,,,,,
1295,7-95.jpg,C-17,,,,,
1296,7-96.jpg,C-17,,,,,
1297,7-97.jpg,C-17,,,,,
1298,7-98.jpg,C-17,,,,,
1299,7-99.jpg,C-17,,,,,
1300,7-100.jpg,C-17,,,,,
1301,7-101.jpg,C-17,,,,,
1302,7-102.jpg,C-17,,,,,
1303,7-103.jpg,C-17,,,,,
1304,7-104.jpg,C-17,,,,,
1305,7-105.jpg,C-17,,,,,
1306,7-106.jpg,C-17,,,,,
1307,7-107.jpg,C-17,,,,,
1308,7-108.jpg,C-17,,,,,
1309,7-109.jpg,C-17,,,,,
1310,7-110.jpg,C-17,,,,,
1311,7-111.jpg,C-17,,,,,
1312,7-112.jpg,C-17,,,,,
1313,7-113.jpg,C-17,,,,,
1314,7-114.jpg,C-17,,,,,
1315,7-115.jpg,C-17,,,,,
1316,7-116.jpg,C-17,,,,,
1317,7-117.jpg,C-17,,,,,
1318,7-118.jpg,C-17,,,,,
1319,7-119.jpg,C-17,,,,,
1320,7-120.jpg,C-17,,,,,
1321,7-121.jpg,C-17,,,,,
1322,7-122.jpg,C-17,,,,,
1323,7-123.jpg,C-17,,,,,
1324,7-124.jpg,C-17,,,,,
1325,7-125.jpg,C-17,,,,,
1326,7-126.jpg,C-17,,,,,
1327,7-127.jpg,C-17,,,,,
1328,7-128.jpg,C-17,,,,,
1329,7-129.jpg,C-17,,,,,
1330,7-130.jpg,C-17,,,,,
1331,7-131.jpg,C-17,,,,,
1332,7-132.jpg,C-17,,,,,
1333,7-133.jpg,C-17,,,,,
1334,7-134.jpg,C-17,,,,,
1335,7-135.jpg,C-17,,,,,
1336,7-136.jpg,C-17,,,,,
1337,7-137.jpg,C-17,,,,,
1338,7-138.jpg,C-17,,,,,
1339,7-139.jpg,C-17,,,,,
1340,7-140.jpg,C-17,,,,,
1341,7-141.jpg,C-17,,,,,
1342,7-142.jpg,C-17,,,,,
1343,7-143.jpg,C-17,,,,,
1344,7-144.jpg,C-17,,,,,
1345,7-145.jpg,C-17,,,,,
1346,7-146.jpg,C-17,,,,,
1347,7-147.jpg,C-17,,,,,
1348,7-148.jpg,C-17,,,,,
1349,7-149.jpg,C-17,,,,,
1350,7-150.jpg,C-17,,,,,
1351,7-151.jpg,C-17,,,,,
1352,7-152.jpg,C-17,,,,,
1353,7-153.jpg,C-17,,,,,
1354,7-154.jpg,C-17,,,,,
1355,7-155.jpg,C-17,,,,,
1356,7-156.jpg,C-17,,,,,
1357,7-157.jpg,C-17,,,,,
1358,7-158.jpg,C-17,,,,,
1359,7-159.jpg,C-17,,,,,
1360,7-160.jpg,C-17,,,,,
1361,7-161.jpg,C-17,,,,,
1362,7-162.jpg,C-17,,,,,
1363,7-163.jpg,C-17,,,,,
1364,7-164.jpg,C-17,,,,,
1365,7-165.jpg,C-17,,,,,
1366,7-166.jpg,C-17,,,,,
1367,7-167.jpg,C-17,,,,,
1368,7-168.jpg,C-17,,,,,
1369,7-169.jpg,C-17,,,,,
1370,7-170.jpg,C-17,,,,,
1371,7-171.jpg,C-17,,,,,
1372,7-172.jpg,C-17,,,,,
1373,7-173.jpg,C-17,,,,,
1374,7-174.jpg,C-17,,,,,
1375,7-175.jpg,C-17,,,,,
1376,7-176.jpg,C-17,,,,,
1377,7-177.jpg,C-17,,,,,
1378,7-178.jpg,C-17,,,,,
1379,7-179.jpg,C-17,,,,,
1380,7-180.jpg,C-17,,,,,
1381,7-181.jpg,C-17,,,,,
1382,7-182.jpg,C-17,,,,,
1383,7-183.jpg,C-17,,,,,
1384,7-184.jpg,C-17,,,,,
1385,7-185.jpg,C-17,,,,,
1386,7-186.jpg,C-17,,,,,
1387,7-187.jpg,C-17,,,,,
1388,7-188.jpg,C-17,,,,,
1389,7-189.jpg,C-17,,,,,
1390,7-190.jpg,C-17,,,,,
1391,7-191.jpg,C-17,,,,,
1392,7-192.jpg,C-17,,,,,
1393,7-193.jpg,C-17,,,,,
1394,7-194.jpg,C-17,,,,,
1395,7-195.jpg,C-17,,,,,
1396,7-196.jpg,C-17,,,,,
1397,7-197.jpg,C-17,,,,,
1398,7-198.jpg,C-17,,,,,
1399,7-199.jpg,C-17,,,,,
1400,7-200.jpg,C-17,,,,,
1401,8-1.jpg,C-5,,,,,
1402,8-2.jpg,C-5,,,,,
1403,8-3.jpg,C-5,,,,,
1404,8-4.jpg,C-5,,,,,
1405,8-5.jpg,C-5,,,,,
1406,8-6.jpg,C-5,,,,,
1407,8-7.jpg,C-5,,,,,
1408,8-8.jpg,C-5,,,,,
1409,8-9.jpg,C-5,,,,,
1410,8-10.jpg,C-5,,,,,
1411,8-11.jpg,C-5,,,,,
1412,8-12.jpg,C-5,,,,,
1413,8-13.jpg,C-5,,,,,
1414,8-14.jpg,C-5,,,,,
1415,8-15.jpg,C-5,,,,,
1416,8-16.jpg,C-5,,,,,
1417,8-17.jpg,C-5,,,,,
1418,8-18.jpg,C-5,,,,,
1419,8-19.jpg,C-5,,,,,
1420,8-20.jpg,C-5,,,,,
1421,8-21.jpg,C-5,,,,,
1422,8-22.jpg,C-5,,,,,
1423,8-23.jpg,C-5,,,,,
1424,8-24.jpg,C-5,,,,,
1425,8-25.jpg,C-5,,,,,
1426,8-26.jpg,C-5,,,,,
1427,8-27.jpg,C-5,,,,,
1428,8-28.jpg,C-5,,,,,
1429,8-29.jpg,C-5,,,,,
1430,8-30.jpg,C-5,,,,,
1431,8-31.jpg,C-5,,,,,
1432,8-32.jpg,C-5,,,,,
1433,8-33.jpg,C-5,,,,,
1434,8-34.jpg,C-5,,,,,
1435,8-35.jpg,C-5,,,,,
1436,8-36.jpg,C-5,,,,,
1437,8-37.jpg,C-5,,,,,
1438,8-38.jpg,C-5,,,,,
1439,8-39.jpg,C-5,,,,,
1440,8-40.jpg,C-5,,,,,
1441,8-41.jpg,C-5,,,,,
1442,8-42.jpg,C-5,,,,,
1443,8-43.jpg,C-5,,,,,
1444,8-44.jpg,C-5,,,,,
1445,8-45.jpg,C-5,,,,,
1446,8-46.jpg,C-5,,,,,
1447,8-47.jpg,C-5,,,,,
1448,8-48.jpg,C-5,,,,,
1449,8-49.jpg,C-5,,,,,
1450,8-50.jpg,C-5,,,,,
1451,8-51.jpg,C-5,,,,,
1452,8-52.jpg,C-5,,,,,
1453,8-53.jpg,C-5,,,,,
1454,8-54.jpg,C-5,,,,,
1455,8-55.jpg,C-5,,,,,
1456,8-56.jpg,C-5,,,,,
1457,8-57.jpg,C-5,,,,,
1458,8-58.jpg,C-5,,,,,
1459,8-59.jpg,C-5,,,,,
1460,8-60.jpg,C-5,,,,,
1461,8-61.jpg,C-5,,,,,
1462,8-62.jpg,C-5,,,,,
1463,8-63.jpg,C-5,,,,,
1464,8-64.jpg,C-5,,,,,
1465,8-65.jpg,C-5,,,,,
1466,8-66.jpg,C-5,,,,,
1467,8-67.jpg,C-5,,,,,
1468,8-68.jpg,C-5,,,,,
1469,8-69.jpg,C-5,,,,,
1470,8-70.jpg,C-5,,,,,
1471,8-71.jpg,C-5,,,,,
1472,8-72.jpg,C-5,,,,,
1473,8-73.jpg,C-5,,,,,
1474,8-74.jpg,C-5,,,,,
1475,8-75.jpg,C-5,,,,,
1476,8-76.jpg,C-5,,,,,
1477,8-77.jpg,C-5,,,,,
1478,8-78.jpg,C-5,,,,,
1479,8-79.jpg,C-5,,,,,
1480,8-80.jpg,C-5,,,,,
1481,8-81.jpg,C-5,,,,,
1482,8-82.jpg,C-5,,,,,
1483,8-83.jpg,C-5,,,,,
1484,8-84.jpg,C-5,,,,,
1485,8-85.jpg,C-5,,,,,
1486,8-86.jpg,C-5,,,,,
1487,8-87.jpg,C-5,,,,,
1488,8-88.jpg,C-5,,,,,
1489,8-89.jpg,C-5,,,,,
1490,8-90.jpg,C-5,,,,,
1491,8-91.jpg,C-5,,,,,
1492,8-92.jpg,C-5,,,,,
1493,8-93.jpg,C-5,,,,,
1494,8-94.jpg,C-5,,,,,
1495,8-95.jpg,C-5,,,,,
1496,8-96.jpg,C-5,,,,,
1497,8-97.jpg,C-5,,,,,
1498,8-98.jpg,C-5,,,,,
1499,8-99.jpg,C-5,,,,,
1500,8-100.jpg,C-5,,,,,
1501,8-101.jpg,C-5,,,,,
1502,8-102.jpg,C-5,,,,,
1503,8-103.jpg,C-5,,,,,
1504,8-104.jpg,C-5,,,,,
1505,8-105.jpg,C-5,,,,,
1506,8-106.jpg,C-5,,,,,
1507,8-107.jpg,C-5,,,,,
1508,8-108.jpg,C-5,,,,,
1509,8-109.jpg,C-5,,,,,
1510,8-110.jpg,C-5,,,,,
1511,8-111.jpg,C-5,,,,,
1512,8-112.jpg,C-5,,,,,
1513,8-113.jpg,C-5,,,,,
1514,8-114.jpg,C-5,,,,,
1515,8-115.jpg,C-5,,,,,
1516,8-116.jpg,C-5,,,,,
1517,8-117.jpg,C-5,,,,,
1518,8-118.jpg,C-5,,,,,
1519,8-119.jpg,C-5,,,,,
1520,8-120.jpg,C-5,,,,,
1521,8-121.jpg,C-5,,,,,
1522,8-122.jpg,C-5,,,,,
1523,8-123.jpg,C-5,,,,,
1524,8-124.jpg,C-5,,,,,
1525,8-125.jpg,C-5,,,,,
1526,8-126.jpg,C-5,,,,,
1527,8-127.jpg,C-5,,,,,
1528,8-128.jpg,C-5,,,,,
1529,8-129.jpg,C-5,,,,,
1530,8-130.jpg,C-5,,,,,
1531,8-131.jpg,C-5,,,,,
1532,8-132.jpg,C-5,,,,,
1533,8-133.jpg,C-5,,,,,
1534,8-134.jpg,C-5,,,,,
1535,8-135.jpg,C-5,,,,,
1536,8-136.jpg,C-5,,,,,
1537,8-137.jpg,C-5,,,,,
1538,8-138.jpg,C-5,,,,,
1539,8-139.jpg,C-5,,,,,
1540,8-140.jpg,C-5,,,,,
1541,8-141.jpg,C-5,,,,,
1542,8-142.jpg,C-5,,,,,
1543,8-143.jpg,C-5,,,,,
1544,8-144.jpg,C-5,,,,,
1545,8-145.jpg,C-5,,,,,
1546,8-146.jpg,C-5,,,,,
1547,8-147.jpg,C-5,,,,,
1548,8-148.jpg,C-5,,,,,
1549,8-149.jpg,C-5,,,,,
1550,8-150.jpg,C-5,,,,,
1551,8-151.jpg,C-5,,,,,
1552,8-152.jpg,C-5,,,,,
1553,8-153.jpg,C-5,,,,,
1554,8-154.jpg,C-5,,,,,
1555,8-155.jpg,C-5,,,,,
1556,8-156.jpg,C-5,,,,,
1557,8-157.jpg,C-5,,,,,
1558,8-158.jpg,C-5,,,,,
1559,8-159.jpg,C-5,,,,,
1560,8-160.jpg,C-5,,,,,
1561,8-161.jpg,C-5,,,,,
1562,8-162.jpg,C-5,,,,,
1563,8-163.jpg,C-5,,,,,
1564,8-164.jpg,C-5,,,,,
1565,8-165.jpg,C-5,,,,,
1566,8-166.jpg,C-5,,,,,
1567,8-167.jpg,C-5,,,,,
1568,8-168.jpg,C-5,,,,,
1569,8-169.jpg,C-5,,,,,
1570,8-170.jpg,C-5,,,,,
1571,8-171.jpg,C-5,,,,,
1572,8-172.jpg,C-5,,,,,
1573,8-173.jpg,C-5,,,,,
1574,8-174.jpg,C-5,,,,,
1575,8-175.jpg,C-5,,,,,
1576,8-176.jpg,C-5,,,,,
1577,8-177.jpg,C-5,,,,,
1578,8-178.jpg,C-5,,,,,
1579,8-179.jpg,C-5,,,,,
1580,8-180.jpg,C-5,,,,,
1581,8-181.jpg,C-5,,,,,
1582,8-182.jpg,C-5,,,,,
1583,8-183.jpg,C-5,,,,,
1584,8-184.jpg,C-5,,,,,
1585,8-185.jpg,C-5,,,,,
1586,8-186.jpg,C-5,,,,,
1587,8-187.jpg,C-5,,,,,
1588,8-188.jpg,C-5,,,,,
1589,8-189.jpg,C-5,,,,,
1590,8-190.jpg,C-5,,,,,
1591,8-191.jpg,C-5,,,,,
1592,8-192.jpg,C-5,,,,,
1593,8-193.jpg,C-5,,,,,
1594,8-194.jpg,C-5,,,,,
1595,8-195.jpg,C-5,,,,,
1596,8-196.jpg,C-5,,,,,
1597,8-197.jpg,C-5,,,,,
1598,8-198.jpg,C-5,,,,,
1599,8-199.jpg,C-5,,,,,
1600,8-200.jpg,C-5,,,,,
1601,9-1.jpg,E-3,,,,,
1602,9-2.jpg,E-3,,,,,
1603,9-3.jpg,E-3,,,,,
1604,9-4.jpg,E-3,,,,,
1605,9-5.jpg,E-3,,,,,
1606,9-6.jpg,E-3,,,,,
1607,9-7.jpg,E-3,,,,,
1608,9-8.jpg,E-3,,,,,
1609,9-9.jpg,E-3,,,,,
1610,9-10.jpg,E-3,,,,,
1611,9-11.jpg,E-3,,,,,
1612,9-12.jpg,E-3,,,,,
1613,9-13.jpg,E-3,,,,,
1614,9-14.jpg,E-3,,,,,
1615,9-15.jpg,E-3,,,,,
1616,9-16.jpg,E-3,,,,,
1617,9-17.jpg,E-3,,,,,
1618,9-18.jpg,E-3,,,,,
1619,9-19.jpg,E-3,,,,,
1620,9-20.jpg,E-3,,,,,
1621,9-21.jpg,E-3,,,,,
1622,9-22.jpg,E-3,,,,,
1623,9-23.jpg,E-3,,,,,
1624,9-24.jpg,E-3,,,,,
1625,9-25.jpg,E-3,,,,,
1626,9-26.jpg,E-3,,,,,
1627,9-27.jpg,E-3,,,,,
1628,9-28.jpg,E-3,,,,,
1629,9-29.jpg,E-3,,,,,
1630,9-30.jpg,E-3,,,,,
1631,9-31.jpg,E-3,,,,,
1632,9-32.jpg,E-3,,,,,
1633,9-33.jpg,E-3,,,,,
1634,9-34.jpg,E-3,,,,,
1635,9-35.jpg,E-3,,,,,
1636,9-36.jpg,E-3,,,,,
1637,9-37.jpg,E-3,,,,,
1638,9-38.jpg,E-3,,,,,
1639,9-39.jpg,E-3,,,,,
1640,9-40.jpg,E-3,,,,,
1641,9-41.jpg,E-3,,,,,
1642,9-42.jpg,E-3,,,,,
1643,9-43.jpg,E-3,,,,,
1644,9-44.jpg,E-3,,,,,
1645,9-45.jpg,E-3,,,,,
1646,9-46.jpg,E-3,,,,,
1647,9-47.jpg,E-3,,,,,
1648,9-48.jpg,E-3,,,,,
1649,9-49.jpg,E-3,,,,,
1650,9-50.jpg,E-3,,,,,
1651,9-51.jpg,E-3,,,,,
1652,9-52.jpg,E-3,,,,,
1653,9-53.jpg,E-3,,,,,
1654,9-54.jpg,E-3,,,,,
1655,9-55.jpg,E-3,,,,,
1656,9-56.jpg,E-3,,,,,
1657,9-57.jpg,E-3,,,,,
1658,9-58.jpg,E-3,,,,,
1659,9-59.jpg,E-3,,,,,
1660,9-60.jpg,E-3,,,,,
1661,9-61.jpg,E-3,,,,,
1662,9-62.jpg,E-3,,,,,
1663,9-63.jpg,E-3,,,,,
1664,9-64.jpg,E-3,,,,,
1665,9-65.jpg,E-3,,,,,
1666,9-66.jpg,E-3,,,,,
1667,9-67.jpg,E-3,,,,,
1668,9-68.jpg,E-3,,,,,
1669,9-69.jpg,E-3,,,,,
1670,9-70.jpg,E-3,,,,,
1671,9-71.jpg,E-3,,,,,
1672,9-72.jpg,E-3,,,,,
1673,9-73.jpg,E-3,,,,,
1674,9-74.jpg,E-3,,,,,
1675,9-75.jpg,E-3,,,,,
1676,9-76.jpg,E-3,,,,,
1677,9-77.jpg,E-3,,,,,
1678,9-78.jpg,E-3,,,,,
1679,9-79.jpg,E-3,,,,,
1680,9-80.jpg,E-3,,,,,
1681,9-81.jpg,E-3,,,,,
1682,9-82.jpg,E-3,,,,,
1683,9-83.jpg,E-3,,,,,
1684,9-84.jpg,E-3,,,,,
1685,9-85.jpg,E-3,,,,,
1686,9-86.jpg,E-3,,,,,
1687,9-87.jpg,E-3,,,,,
1688,9-88.jpg,E-3,,,,,
1689,9-89.jpg,E-3,,,,,
1690,9-90.jpg,E-3,,,,,
1691,9-91.jpg,E-3,,,,,
1692,9-92.jpg,E-3,,,,,
1693,9-93.jpg,E-3,,,,,
1694,9-94.jpg,E-3,,,,,
1695,9-95.jpg,E-3,,,,,
1696,9-96.jpg,E-3,,,,,
1697,9-97.jpg,E-3,,,,,
1698,9-98.jpg,E-3,,,,,
1699,9-99.jpg,E-3,,,,,
1700,9-100.jpg,E-3,,,,,
1701,9-101.jpg,E-3,,,,,
1702,9-102.jpg,E-3,,,,,
1703,9-103.jpg,E-3,,,,,
1704,9-104.jpg,E-3,,,,,
1705,9-105.jpg,E-3,,,,,
1706,9-106.jpg,E-3,,,,,
1707,9-107.jpg,E-3,,,,,
1708,9-108.jpg,E-3,,,,,
1709,9-109.jpg,E-3,,,,,
1710,9-110.jpg,E-3,,,,,
1711,9-111.jpg,E-3,,,,,
1712,9-112.jpg,E-3,,,,,
1713,9-113.jpg,E-3,,,,,
1714,9-114.jpg,E-3,,,,,
1715,9-115.jpg,E-3,,,,,
1716,9-116.jpg,E-3,,,,,
1717,9-117.jpg,E-3,,,,,
1718,9-118.jpg,E-3,,,,,
1719,9-119.jpg,E-3,,,,,
1720,9-120.jpg,E-3,,,,,
1721,9-121.jpg,E-3,,,,,
1722,9-122.jpg,E-3,,,,,
1723,9-123.jpg,E-3,,,,,
1724,9-124.jpg,E-3,,,,,
1725,9-125.jpg,E-3,,,,,
1726,9-126.jpg,E-3,,,,,
1727,9-127.jpg,E-3,,,,,
1728,9-128.jpg,E-3,,,,,
1729,9-129.jpg,E-3,,,,,
1730,9-130.jpg,E-3,,,,,
1731,9-131.jpg,E-3,,,,,
1732,9-132.jpg,E-3,,,,,
1733,9-133.jpg,E-3,,,,,
1734,9-134.jpg,E-3,,,,,
1735,9-135.jpg,E-3,,,,,
1736,9-136.jpg,E-3,,,,,
1737,9-137.jpg,E-3,,,,,
1738,9-138.jpg,E-3,,,,,
1739,9-139.jpg,E-3,,,,,
1740,9-140.jpg,E-3,,,,,
1741,9-141.jpg,E-3,,,,,
1742,9-142.jpg,E-3,,,,,
1743,9-143.jpg,E-3,,,,,
1744,9-144.jpg,E-3,,,,,
1745,9-145.jpg,E-3,,,,,
1746,9-146.jpg,E-3,,,,,
1747,9-147.jpg,E-3,,,,,
1748,9-148.jpg,E-3,,,,,
1749,9-149.jpg,E-3,,,,,
1750,9-150.jpg,E-3,,,,,
1751,9-151.jpg,E-3,,,,,
1752,9-152.jpg,E-3,,,,,
1753,9-153.jpg,E-3,,,,,
1754,9-154.jpg,E-3,,,,,
1755,9-155.jpg,E-3,,,,,
1756,9-156.jpg,E-3,,,,,
1757,9-157.jpg,E-3,,,,,
1758,9-158.jpg,E-3,,,,,
1759,9-159.jpg,E-3,,,,,
1760,9-160.jpg,E-3,,,,,
1761,9-161.jpg,E-3,,,,,
1762,9-162.jpg,E-3,,,,,
1763,9-163.jpg,E-3,,,,,
1764,9-164.jpg,E-3,,,,,
1765,9-165.jpg,E-3,,,,,
1766,9-166.jpg,E-3,,,,,
1767,9-167.jpg,E-3,,,,,
1768,9-168.jpg,E-3,,,,,
1769,9-169.jpg,E-3,,,,,
1770,9-170.jpg,E-3,,,,,
1771,9-171.jpg,E-3,,,,,
1772,9-172.jpg,E-3,,,,,
1773,9-173.jpg,E-3,,,,,
1774,9-174.jpg,E-3,,,,,
1775,9-175.jpg,E-3,,,,,
1776,9-176.jpg,E-3,,,,,
1777,9-177.jpg,E-3,,,,,
1778,9-178.jpg,E-3,,,,,
1779,9-179.jpg,E-3,,,,,
1780,9-180.jpg,E-3,,,,,
1781,9-181.jpg,E-3,,,,,
1782,9-182.jpg,E-3,,,,,
1783,9-183.jpg,E-3,,,,,
1784,9-184.jpg,E-3,,,,,
1785,9-185.jpg,E-3,,,,,
1786,9-186.jpg,E-3,,,,,
1787,9-187.jpg,E-3,,,,,
1788,9-188.jpg,E-3,,,,,
1789,9-189.jpg,E-3,,,,,
1790,9-190.jpg,E-3,,,,,
1791,9-191.jpg,E-3,,,,,
1792,9-192.jpg,E-3,,,,,
1793,9-193.jpg,E-3,,,,,
1794,9-194.jpg,E-3,,,,,
1795,9-195.jpg,E-3,,,,,
1796,9-196.jpg,E-3,,,,,
1797,9-197.jpg,E-3,,,,,
1798,9-198.jpg,E-3,,,,,
1799,9-199.jpg,E-3,,,,,
1800,9-200.jpg,E-3,,,,,
1801,10-1.jpg,F-22,,,,,
1802,10-2.jpg,F-22,,,,,
1803,10-3.jpg,F-22,,,,,
1804,10-4.jpg,F-22,,,,,
1805,10-5.jpg,F-22,,,,,
1806,10-6.jpg,F-22,,,,,
1807,10-7.jpg,F-22,,,,,
1808,10-8.jpg,F-22,,,,,
1809,10-9.jpg,F-22,,,,,
1810,10-10.jpg,F-22,,,,,
1811,10-11.jpg,F-22,,,,,
1812,10-12.jpg,F-22,,,,,
1813,10-13.jpg,F-22,,,,,
1814,10-14.jpg,F-22,,,,,
1815,10-15.jpg,F-22,,,,,
1816,10-16.jpg,F-22,,,,,
1817,10-17.jpg,F-22,,,,,
1818,10-18.jpg,F-22,,,,,
1819,10-19.jpg,F-22,,,,,
1820,10-20.jpg,F-22,,,,,
1821,10-21.jpg,F-22,,,,,
1822,10-22.jpg,F-22,,,,,
1823,10-23.jpg,F-22,,,,,
1824,10-24.jpg,F-22,,,,,
1825,10-25.jpg,F-22,,,,,
1826,10-26.jpg,F-22,,,,,
1827,10-27.jpg,F-22,,,,,
1828,10-28.jpg,F-22,,,,,
1829,10-29.jpg,F-22,,,,,
1830,10-30.jpg,F-22,,,,,
1831,10-31.jpg,F-22,,,,,
1832,10-32.jpg,F-22,,,,,
1833,10-33.jpg,F-22,,,,,
1834,10-34.jpg,F-22,,,,,
1835,10-35.jpg,F-22,,,,,
1836,10-36.jpg,F-22,,,,,
1837,10-37.jpg,F-22,,,,,
1838,10-38.jpg,F-22,,,,,
1839,10-39.jpg,F-22,,,,,
1840,10-40.jpg,F-22,,,,,
1841,10-41.jpg,F-22,,,,,
1842,10-42.jpg,F-22,,,,,
1843,10-43.jpg,F-22,,,,,
1844,10-44.jpg,F-22,,,,,
1845,10-45.jpg,F-22,,,,,
1846,10-46.jpg,F-22,,,,,
1847,10-47.jpg,F-22,,,,,
1848,10-48.jpg,F-22,,,,,
1849,10-49.jpg,F-22,,,,,
1850,10-50.jpg,F-22,,,,,
1851,10-51.jpg,F-22,,,,,
1852,10-52.jpg,F-22,,,,,
1853,10-53.jpg,F-22,,,,,
1854,10-54.jpg,F-22,,,,,
1855,10-55.jpg,F-22,,,,,
1856,10-56.jpg,F-22,,,,,
1857,10-57.jpg,F-22,,,,,
1858,10-58.jpg,F-22,,,,,
1859,10-59.jpg,F-22,,,,,
1860,10-60.jpg,F-22,,,,,
1861,10-61.jpg,F-22,,,,,
1862,10-62.jpg,F-22,,,,,
1863,10-63.jpg,F-22,,,,,
1864,10-64.jpg,F-22,,,,,
1865,10-65.jpg,F-22,,,,,
1866,10-66.jpg,F-22,,,,,
1867,10-67.jpg,F-22,,,,,
1868,10-68.jpg,F-22,,,,,
1869,10-69.jpg,F-22,,,,,
1870,10-70.jpg,F-22,,,,,
1871,10-71.jpg,F-22,,,,,
1872,10-72.jpg,F-22,,,,,
1873,10-73.jpg,F-22,,,,,
1874,10-74.jpg,F-22,,,,,
1875,10-75.jpg,F-22,,,,,
1876,10-76.jpg,F-22,,,,,
1877,10-77.jpg,F-22,,,,,
1878,10-78.jpg,F-22,,,,,
1879,10-79.jpg,F-22,,,,,
1880,10-80.jpg,F-22,,,,,
1881,10-81.jpg,F-22,,,,,
1882,10-82.jpg,F-22,,,,,
1883,10-83.jpg,F-22,,,,,
1884,10-84.jpg,F-22,,,,,
1885,10-85.jpg,F-22,,,,,
1886,10-86.jpg,F-22,,,,,
1887,10-87.jpg,F-22,,,,,
1888,10-88.jpg,F-22,,,,,
1889,10-89.jpg,F-22,,,,,
1890,10-90.jpg,F-22,,,,,
1891,10-91.jpg,F-22,,,,,
1892,10-92.jpg,F-22,,,,,
1893,10-93.jpg,F-22,,,,,
1894,10-94.jpg,F-22,,,,,
1895,10-95.jpg,F-22,,,,,
1896,10-96.jpg,F-22,,,,,
1897,10-97.jpg,F-22,,,,,
1898,10-98.jpg,F-22,,,,,
1899,10-99.jpg,F-22,,,,,
1900,10-100.jpg,F-22,,,,,
1901,10-101.jpg,F-22,,,,,
1902,10-102.jpg,F-22,,,,,
1903,10-103.jpg,F-22,,,,,
1904,10-104.jpg,F-22,,,,,
1905,10-105.jpg,F-22,,,,,
1906,10-106.jpg,F-22,,,,,
1907,10-107.jpg,F-22,,,,,
1908,10-108.jpg,F-22,,,,,
1909,10-109.jpg,F-22,,,,,
1910,10-110.jpg,F-22,,,,,
1911,10-111.jpg,F-22,,,,,
1912,10-112.jpg,F-22,,,,,
1913,10-113.jpg,F-22,,,,,
1914,10-114.jpg,F-22,,,,,
1915,10-115.jpg,F-22,,,,,
1916,10-116.jpg,F-22,,,,,
1917,10-117.jpg,F-22,,,,,
1918,10-118.jpg,F-22,,,,,
1919,10-119.jpg,F-22,,,,,
1920,10-120.jpg,F-22,,,,,
1921,10-121.jpg,F-22,,,,,
1922,10-122.jpg,F-22,,,,,
1923,10-123.jpg,F-22,,,,,
1924,10-124.jpg,F-22,,,,,
1925,10-125.jpg,F-22,,,,,
1926,10-126.jpg,F-22,,,,,
1927,10-127.jpg,F-22,,,,,
1928,10-128.jpg,F-22,,,,,
1929,10-129.jpg,F-22,,,,,
1930,10-130.jpg,F-22,,,,,
1931,10-131.jpg,F-22,,,,,
1932,10-132.jpg,F-22,,,,,
1933,10-133.jpg,F-22,,,,,
1934,10-134.jpg,F-22,,,,,
1935,10-135.jpg,F-22,,,,,
1936,10-136.jpg,F-22,,,,,
1937,10-137.jpg,F-22,,,,,
1938,10-138.jpg,F-22,,,,,
1939,10-139.jpg,F-22,,,,,
1940,10-140.jpg,F-22,,,,,
1941,10-141.jpg,F-22,,,,,
1942,10-142.jpg,F-22,,,,,
1943,10-143.jpg,F-22,,,,,
1944,10-144.jpg,F-22,,,,,
1945,10-145.jpg,F-22,,,,,
1946,10-146.jpg,F-22,,,,,
1947,10-147.jpg,F-22,,,,,
1948,10-148.jpg,F-22,,,,,
1949,10-149.jpg,F-22,,,,,
1950,10-150.jpg,F-22,,,,,
1951,10-151.jpg,F-22,,,,,
1952,10-152.jpg,F-22,,,,,
1953,10-153.jpg,F-22,,,,,
1954,10-154.jpg,F-22,,,,,
1955,10-155.jpg,F-22,,,,,
1956,10-156.jpg,F-22,,,,,
1957,10-157.jpg,F-22,,,,,
1958,10-158.jpg,F-22,,,,,
1959,10-159.jpg,F-22,,,,,
1960,10-160.jpg,F-22,,,,,
1961,10-161.jpg,F-22,,,,,
1962,10-162.jpg,F-22,,,,,
1963,10-163.jpg,F-22,,,,,
1964,10-164.jpg,F-22,,,,,
1965,10-165.jpg,F-22,,,,,
1966,10-166.jpg,F-22,,,,,
1967,10-167.jpg,F-22,,,,,
1968,10-168.jpg,F-22,,,,,
1969,10-169.jpg,F-22,,,,,
1970,10-170.jpg,F-22,,,,,
1971,10-171.jpg,F-22,,,,,
1972,10-172.jpg,F-22,,,,,
1973,10-173.jpg,F-22,,,,,
1974,10-174.jpg,F-22,,,,,
1975,10-175.jpg,F-22,,,,,
1976,10-176.jpg,F-22,,,,,
1977,10-177.jpg,F-22,,,,,
1978,10-178.jpg,F-22,,,,,
1979,10-179.jpg,F-22,,,,,
1980,10-180.jpg,F-22,,,,,
1981,10-181.jpg,F-22,,,,,
1982,10-182.jpg,F-22,,,,,
1983,10-183.jpg,F-22,,,,,
1984,10-184.jpg,F-22,,,,,
1985,10-185.jpg,F-22,,,,,
1986,10-186.jpg,F-22,,,,,
1987,10-187.jpg,F-22,,,,,
1988,10-188.jpg,F-22,,,,,
1989,10-189.jpg,F-22,,,,,
1990,10-190.jpg,F-22,,,,,
1991,10-191.jpg,F-22,,,,,
1992,10-192.jpg,F-22,,,,,
1993,10-193.jpg,F-22,,,,,
1994,10-194.jpg,F-22,,,,,
1995,10-195.jpg,F-22,,,,,
1996,10-196.jpg,F-22,,,,,
1997,10-197.jpg,F-22,,,,,
1998,10-198.jpg,F-22,,,,,
1999,10-199.jpg,F-22,,,,,
2000,10-200.jpg,F-22,,,,,
2001,11-1.jpg,KC-10,,,,,
2002,11-2.jpg,KC-10,,,,,
2003,11-3.jpg,KC-10,,,,,
2004,11-4.jpg,KC-10,,,,,
2005,11-5.jpg,KC-10,,,,,
2006,11-6.jpg,KC-10,,,,,
2007,11-7.jpg,KC-10,,,,,
2008,11-8.jpg,KC-10,,,,,
2009,11-9.jpg,KC-10,,,,,
2010,11-10.jpg,KC-10,,,,,
2011,11-11.jpg,KC-10,,,,,
2012,11-12.jpg,KC-10,,,,,
2013,11-13.jpg,KC-10,,,,,
2014,11-14.jpg,KC-10,,,,,
2015,11-15.jpg,KC-10,,,,,
2016,11-16.jpg,KC-10,,,,,
2017,11-17.jpg,KC-10,,,,,
2018,11-18.jpg,KC-10,,,,,
2019,11-19.jpg,KC-10,,,,,
2020,11-20.jpg,KC-10,,,,,
2021,11-21.jpg,KC-10,,,,,
2022,11-22.jpg,KC-10,,,,,
2023,11-23.jpg,KC-10,,,,,
2024,11-24.jpg,KC-10,,,,,
2025,11-25.jpg,KC-10,,,,,
2026,11-26.jpg,KC-10,,,,,
2027,11-27.jpg,KC-10,,,,,
2028,11-28.jpg,KC-10,,,,,
2029,11-29.jpg,KC-10,,,,,
2030,11-30.jpg,KC-10,,,,,
2031,11-31.jpg,KC-10,,,,,
2032,11-32.jpg,KC-10,,,,,
2033,11-33.jpg,KC-10,,,,,
2034,11-34.jpg,KC-10,,,,,
2035,11-35.jpg,KC-10,,,,,
2036,11-36.jpg,KC-10,,,,,
2037,11-37.jpg,KC-10,,,,,
2038,11-38.jpg,KC-10,,,,,
2039,11-39.jpg,KC-10,,,,,
2040,11-40.jpg,KC-10,,,,,
2041,11-41.jpg,KC-10,,,,,
2042,11-42.jpg,KC-10,,,,,
2043,11-43.jpg,KC-10,,,,,
2044,11-44.jpg,KC-10,,,,,
2045,11-45.jpg,KC-10,,,,,
2046,11-46.jpg,KC-10,,,,,
2047,11-47.jpg,KC-10,,,,,
2048,11-48.jpg,KC-10,,,,,
2049,11-49.jpg,KC-10,,,,,
2050,11-50.jpg,KC-10,,,,,
2051,11-51.jpg,KC-10,,,,,
2052,11-52.jpg,KC-10,,,,,
2053,11-53.jpg,KC-10,,,,,
2054,11-54.jpg,KC-10,,,,,
2055,11-55.jpg,KC-10,,,,,
2056,11-56.jpg,KC-10,,,,,
2057,11-57.jpg,KC-10,,,,,
2058,11-58.jpg,KC-10,,,,,
2059,11-59.jpg,KC-10,,,,,
2060,11-60.jpg,KC-10,,,,,
2061,11-61.jpg,KC-10,,,,,
2062,11-62.jpg,KC-10,,,,,
2063,11-63.jpg,KC-10,,,,,
2064,11-64.jpg,KC-10,,,,,
2065,11-65.jpg,KC-10,,,,,
2066,11-66.jpg,KC-10,,,,,
2067,11-67.jpg,KC-10,,,,,
2068,11-68.jpg,KC-10,,,,,
2069,11-69.jpg,KC-10,,,,,
2070,11-70.jpg,KC-10,,,,,
2071,11-71.jpg,KC-10,,,,,
2072,11-72.jpg,KC-10,,,,,
2073,11-73.jpg,KC-10,,,,,
2074,11-74.jpg,KC-10,,,,,
2075,11-75.jpg,KC-10,,,,,
2076,11-76.jpg,KC-10,,,,,
2077,11-77.jpg,KC-10,,,,,
2078,11-78.jpg,KC-10,,,,,
2079,11-79.jpg,KC-10,,,,,
2080,11-80.jpg,KC-10,,,,,
2081,11-81.jpg,KC-10,,,,,
2082,11-82.jpg,KC-10,,,,,
2083,11-83.jpg,KC-10,,,,,
2084,11-84.jpg,KC-10,,,,,
2085,11-85.jpg,KC-10,,,,,
2086,11-86.jpg,KC-10,,,,,
2087,11-87.jpg,KC-10,,,,,
2088,11-88.jpg,KC-10,,,,,
2089,11-89.jpg,KC-10,,,,,
2090,11-90.jpg,KC-10,,,,,
2091,11-91.jpg,KC-10,,,,,
2092,11-92.jpg,KC-10,,,,,
2093,11-93.jpg,KC-10,,,,,
2094,11-94.jpg,KC-10,,,,,
2095,11-95.jpg,KC-10,,,,,
2096,11-96.jpg,KC-10,,,,,
2097,11-97.jpg,KC-10,,,,,
2098,11-98.jpg,KC-10,,,,,
2099,11-99.jpg,KC-10,,,,,
2100,11-100.jpg,KC-10,,,,,
2101,11-101.jpg,KC-10,,,,,
2102,11-102.jpg,KC-10,,,,,
2103,11-103.jpg,KC-10,,,,,
2104,11-104.jpg,KC-10,,,,,
2105,11-105.jpg,KC-10,,,,,
2106,11-106.jpg,KC-10,,,,,
2107,11-107.jpg,KC-10,,,,,
2108,11-108.jpg,KC-10,,,,,
2109,11-109.jpg,KC-10,,,,,
2110,11-110.jpg,KC-10,,,,,
2111,11-111.jpg,KC-10,,,,,
2112,11-112.jpg,KC-10,,,,,
2113,11-113.jpg,KC-10,,,,,
2114,11-114.jpg,KC-10,,,,,
2115,11-115.jpg,KC-10,,,,,
2116,11-116.jpg,KC-10,,,,,
2117,11-117.jpg,KC-10,,,,,
2118,11-118.jpg,KC-10,,,,,
2119,11-119.jpg,KC-10,,,,,
2120,11-120.jpg,KC-10,,,,,
2121,11-121.jpg,KC-10,,,,,
2122,11-122.jpg,KC-10,,,,,
2123,11-123.jpg,KC-10,,,,,
2124,11-124.jpg,KC-10,,,,,
2125,11-125.jpg,KC-10,,,,,
2126,11-126.jpg,KC-10,,,,,
2127,11-127.jpg,KC-10,,,,,
2128,11-128.jpg,KC-10,,,,,
2129,11-129.jpg,KC-10,,,,,
2130,11-130.jpg,KC-10,,,,,
2131,11-131.jpg,KC-10,,,,,
2132,11-132.jpg,KC-10,,,,,
2133,11-133.jpg,KC-10,,,,,
2134,11-134.jpg,KC-10,,,,,
2135,11-135.jpg,KC-10,,,,,
2136,11-136.jpg,KC-10,,,,,
2137,11-137.jpg,KC-10,,,,,
2138,11-138.jpg,KC-10,,,,,
2139,11-139.jpg,KC-10,,,,,
2140,11-140.jpg,KC-10,,,,,
2141,11-141.jpg,KC-10,,,,,
2142,11-142.jpg,KC-10,,,,,
2143,11-143.jpg,KC-10,,,,,
2144,11-144.jpg,KC-10,,,,,
2145,11-145.jpg,KC-10,,,,,
2146,11-146.jpg,KC-10,,,,,
2147,11-147.jpg,KC-10,,,,,
2148,11-148.jpg,KC-10,,,,,
2149,11-149.jpg,KC-10,,,,,
2150,11-150.jpg,KC-10,,,,,
2151,11-151.jpg,KC-10,,,,,
2152,11-152.jpg,KC-10,,,,,
2153,11-153.jpg,KC-10,,,,,
2154,11-154.jpg,KC-10,,,,,
2155,11-155.jpg,KC-10,,,,,
2156,11-156.jpg,KC-10,,,,,
2157,11-157.jpg,KC-10,,,,,
2158,11-158.jpg,KC-10,,,,,
2159,11-159.jpg,KC-10,,,,,
2160,11-160.jpg,KC-10,,,,,
2161,11-161.jpg,KC-10,,,,,
2162,11-162.jpg,KC-10,,,,,
2163,11-163.jpg,KC-10,,,,,
2164,11-164.jpg,KC-10,,,,,
2165,11-165.jpg,KC-10,,,,,
2166,11-166.jpg,KC-10,,,,,
2167,11-167.jpg,KC-10,,,,,
2168,11-168.jpg,KC-10,,,,,
2169,11-169.jpg,KC-10,,,,,
2170,11-170.jpg,KC-10,,,,,
2171,11-171.jpg,KC-10,,,,,
2172,11-172.jpg,KC-10,,,,,
2173,11-173.jpg,KC-10,,,,,
2174,11-174.jpg,KC-10,,,,,
2175,11-175.jpg,KC-10,,,,,
2176,11-176.jpg,KC-10,,,,,
2177,11-177.jpg,KC-10,,,,,
2178,11-178.jpg,KC-10,,,,,
2179,11-179.jpg,KC-10,,,,,
2180,11-180.jpg,KC-10,,,,,
2181,11-181.jpg,KC-10,,,,,
2182,11-182.jpg,KC-10,,,,,
2183,11-183.jpg,KC-10,,,,,
2184,11-184.jpg,KC-10,,,,,
2185,11-185.jpg,KC-10,,,,,
2186,11-186.jpg,KC-10,,,,,
2187,11-187.jpg,KC-10,,,,,
2188,11-188.jpg,KC-10,,,,,
2189,11-189.jpg,KC-10,,,,,
2190,11-190.jpg,KC-10,,,,,
2191,11-191.jpg,KC-10,,,,,
2192,11-192.jpg,KC-10,,,,,
2193,11-193.jpg,KC-10,,,,,
2194,11-194.jpg,KC-10,,,,,
2195,11-195.jpg,KC-10,,,,,
2196,11-196.jpg,KC-10,,,,,
2197,11-197.jpg,KC-10,,,,,
2198,11-198.jpg,KC-10,,,,,
2199,11-199.jpg,KC-10,,,,,
2200,11-200.jpg,KC-10,,,,,
